SessionDate,DayOfWeek,WeekNumber,StartTimeGMT,EndTimeGMT,SessionTitle,SessionCategory,SessionType,Workstream,TrainerName,TargetRegions,Language,TargetAudience,Status,EventFlag,FlagDetail,Description,RecurringSeries,SeriesName,Notes,Link
1/1/26,Thursday,1,,,New Years Day,,,,,,,,,Public Holiday,New Years Day,,No,,,
2/1/26,Friday,1,,,Office Closed,,,,,,,,,Public Holiday,Office Closed,,No,,,
5/1/26,Monday,1,,,,,,,,,,,,,,,,,,
6/1/26,Tuesday,2,14:00,15:00,Pencil 101,Pencil,Live Workshop,Tech L&D,Enrique,LATAM;UK;NA-Eastern,English,All Staff,Completed,Training Session,,In this Pencil 101 session we will walk you through a high level overview of Pencil and it's features and benefits.,Yes,Pencil Program,,https://insidersacademy.learn.link/content/670d37b24024c10011626c05
7/1/26,Wednesday,2,14:00,15:00,Pencil Copy and Strategy,Pencil,Live Workshop,Tech L&D,Enrique,LATAM;UK;NA-Eastern,English,Creative,Completed,Training Session,,The key to a good marketing campaign is a clear strategy.  This course explores the essential techniques for generating strategy and content to enhance your marketing efforts. Learn how to utilise LLMs to produce copy in multiple languages and explore text analysis tools to refine your content,Yes,Pencil Program,,https://insidersacademy.learn.link/content/670d37b24024c10011626c05
8/1/26,Thursday,2,9:30,10:30,Text Prompting for Beginners,Gen AI,Live Workshop,Tech L&D,Enrique,APAC;EMEA,English,All Staff,Completed,Training Session,,"This interactive course provides real time, hands-on experience in crafting effective text prompts for storytelling, copywriting, and idea generation. Join us live and take the first step towards becoming a master of text prompting!",No,,,https://insidersacademy.learn.link/content/66d9a6a89c22af00110e8677
8/1/26,Thursday,2,14:00,15:00,Pencil Image Generation,Pencil,Live Workshop,Tech L&D,Enrique,LATAM;UK;NA-Eastern,English,Creative,Completed,Training Session,,Master the art of creating effective prompts for image generation! Discover how to craft detailed prompts and delve into various image generation models. Amend prompts with ease and utilise Pencilï¿½s editing tools to ensure assets meet design briefs and accelerate your campaign.,Yes,Pencil Program,,https://insidersacademy.learn.link/content/670d37b24024c10011626c05
9/1/26,Friday,2,9:30,10:30,Creating AI Agents in the Sandbox,Gen AI,Live Workshop,Tech L&D,Enrique,APAC;EMEA,English,All Staff,Completed,Training Session,,Don't miss this unique opportunity to learn how to build your own AI assistants that can automate repetitive tasks and enhance your creative workflow. Join us on this AI journey and transform the way you work! ,No,,,https://insidersacademy.learn.link/content/6852b0b6fd28feefe4c9a64b
9/1/26,Friday,2,14:00,15:00,Pencil Video Generation,Pencil,Live Workshop,Tech L&D,Enrique,LATAM;UK;NA-Eastern,English,Creative,Completed,Training Session,,"Pencil’s image-to-video tool is here and you can become an expert in prompting and crafting incredible motion outputs. In this session, you’ll learn how to select the best image to generate from, prompt like a wizard and produce great videos in minutes!?",Yes,Pencil Program,,https://insidersacademy.learn.link/content/670d37b24024c10011626c05
12/1/26,Monday,3,14:00,15:00,Pencil Building and Using Templates,Pencil,Live Workshop,Tech L&D,Enrique,LATAM;UK;NA-Eastern,English,Creative,Completed,Training Session,,"Explore how to create and edit templates using text, images, music, animations, and brand assets. This course will help you to streamline your creative process and generate dynamic content efficiently and quickly. Get producing high-quality, multi-format creatives that perfectly match your brand.ï¿½",Yes,Pencil Program,,https://insidersacademy.learn.link/content/670d37b24024c10011626c05
13/01/2026,Tuesday,3,9:00,10:00,Performance Management,PM Cycle,Live Workshop,L&D,Silvia V / Kat,EMEA; UK,English,Managers,Completed,Training Session,,Ready to ignite your performance management journey? Discover how this cycle can accelerate your growth.,Yes,2025 PM Cycle,,https://insidersacademy.learn.link/content/695bae3c34edcd6069e029a5
13/01/2026,Tuesday,3,9:30,10:30,The Basics of Image Prompting,Gen AI,Live Workshop,Tech L&D,Enrique,APAC;EMEA,English,All Staff,Completed,Training Session,,"This course will guide you from the basics of creating simple prompts to advanced techniques for crafting detailed and specific prompts that produce high-quality images. You'll learn to use AI for various purposes, including artistic creations and professional designs.",No,,,https://insidersacademy.learn.link/content/66bcb465e6a165001115a2da
13/01/2026,Tuesday,3,14:00,15:00,Pencil Generating Creatives in Bulk,Pencil,Live Workshop,Tech L&D,Enrique,LATAM;UK;NA-Eastern,English,Creative,Completed,Training Session,,"Master the art of generating great ads in bulk! We will show you how to create ads and gather key insights on their performance. Pencil’s feed variation tool will empower you to generate bulk creatives in various styles and translations, closely tailored to diverse needs and hyper localised, meaning you can save time and maximise efficiency.",Yes,Pencil Program,,https://insidersacademy.learn.link/content/670d37b24024c10011626c05
14/01/2026,Wednesday,3,6:00,7:00,Performance Management,PM Cycle,Live Workshop,L&D,Astrud / Kat,APAC ,English,All Staff,Completed,Training Session,,Ready to ignite your performance management journey? Discover how this cycle can accelerate your growth.,Yes,2025 PM Cycle,,https://insidersacademy.learn.link/content/695bae3c34edcd6069e029a5
14/01/2026,Wednesday,3,9:00,10:00,Performance Management,PM Cycle,Live Workshop,L&D,Isabel P / Kat,EMEA; UK,English,All Staff,Completed,Training Session,,Ready to ignite your performance management journey? Discover how this cycle can accelerate your growth.,Yes,2025 PM Cycle,,https://insidersacademy.learn.link/content/695bae3c34edcd6069e029a5
14/01/2026,Wednesday,3,18:00,19:00,Performance Management,PM Cycle,Live Workshop,L&D,Jefferson,NA-Eastern;NA-Pacific,English,All Staff,Completed,Training Session,,Ready to ignite your performance management journey? Discover how this cycle can accelerate your growth.,Yes,2025 PM Cycle,,https://insidersacademy.learn.link/content/695bae3c34edcd6069e029a5
14/01/2026,Wednesday,3,14:00,15:00,The Basics of Image Prompting,Gen AI,Live Workshop,Tech L&D,Enrique,LATAM;UK;NA-Eastern,English,All Staff,Completed,Training Session,,"This course will guide you from the basics of creating simple prompts to advanced techniques for crafting detailed and specific prompts that produce high-quality images. You'll learn to use AI for various purposes, including artistic creations and professional designs.",No,,,https://insidersacademy.learn.link/content/66bcb465e6a165001115a2da
14/01/2026,Wednesday,3,15:00,16:00,The Basics of Image Prompting,Gen AI,Live Workshop,Tech L&D,Enrique,NA-Eastern;NA-Pacific,English,All Staff,Completed,Training Session,,"This course will guide you from the basics of creating simple prompts to advanced techniques for crafting detailed and specific prompts that produce high-quality images. You'll learn to use AI for various purposes, including artistic creations and professional designs.",No,,,https://insidersacademy.learn.link/content/66bcb465e6a165001115a2da
15/01/2026,Thursday,3,6:00,7:00,Performance Management,PM Cycle,Live Workshop,L&D,Astrud / Kat,APAC ,English,All Staff,Completed,Training Session,,Ready to ignite your performance management journey? Discover how this cycle can accelerate your growth.,Yes,2025 PM Cycle,,https://insidersacademy.learn.link/content/695bae3c34edcd6069e029a5
15/01/2026,Thursday,3,14:00,15:00,Performance Management,PM Cycle,Live Workshop,L&D,Silvia V / Kat,EMEA; UK,English,Managers,Completed,Training Session,,Ready to ignite your performance management journey? Discover how this cycle can accelerate your growth.,Yes,2025 PM Cycle,,https://insidersacademy.learn.link/content/695bae3c34edcd6069e029a5
15/01/2026,Thursday,3,15:00,16:00,Performance Management,PM Cycle,Live Workshop,L&D,Adriana R,LATAM ,Spanish,Managers,Completed,Training Session,,Ready to ignite your performance management journey? Discover how this cycle can accelerate your growth.,Yes,2025 PM Cycle,,https://insidersacademy.learn.link/content/695bae3c34edcd6069e029a5
15/01/2026,Thursday,3,18:00,19:00,Performance Management,PM Cycle,Live Workshop,L&D,Jefferson,NA-Eastern;NA-Pacific,English,All Staff,Completed,Training Session,,Ready to ignite your performance management journey? Discover how this cycle can accelerate your growth.,Yes,2025 PM Cycle,,https://insidersacademy.learn.link/content/695bae3c34edcd6069e029a5
15/01/2026,Thursday,3,9:30,10:30,Text Prompting for Social,Gen AI,Live Workshop,Tech L&D,Enrique,APAC;EMEA,English,Social,Completed,Training Session,,"This interactive instructor-led session offers real-time, hands-on experience in crafting powerful text prompts to generate high-impact social media posts, captions, and campaign ideas. Join us live and learn how to harness AIï¿½s creativity to elevate your brandï¿½s online presence!",No,,,https://insidersacademy.learn.link/content/68eeafdd1521d2391f057aac
15/01/2026,Thursday,3,14:00,15:00,Text Prompting for Social,Gen AI,Live Workshop,Tech L&D,Enrique,LATAM;UK;NA-Eastern,English,Social,Completed,Training Session,,"This interactive instructor-led session offers real-time, hands-on experience in crafting powerful text prompts to generate high-impact social media posts, captions, and campaign ideas. Join us live and learn how to harness AIï¿½s creativity to elevate your brandï¿½s online presence!",No,,,https://insidersacademy.learn.link/content/68eeafdd1521d2391f057aac
16/01/2026,Friday,3,15:00,16:00,Performance Management,PM Cycle,Live Workshop,L&D,Adriana R,LATAM ,Spanish,Managers,Completed,Training Session,,Ready to ignite your performance management journey? Discover how this cycle can accelerate your growth.,Yes,2025 PM Cycle,,https://insidersacademy.learn.link/content/695bae3c34edcd6069e029a5
16/01/2026,Friday,3,9:30,10:30,Text Prompting for Project Managers,Gen AI,Live Workshop,Tech L&D,Enrique,APAC;EMEA,English,AM's and PM's,Completed,Training Session,,"This interactive, instructor-led session provides real-time, hands-on experience in crafting effective text prompts for generating timing plans, risk logs, and meeting notes, among other tasks. Join us live and take the first step towards accelerating your performance!",No,,,https://insidersacademy.learn.link/content/6842efc8ab2983428de4199e
16/01/2026,Friday,3,14:00,15:00,Text Prompting for Project Managers,Gen AI,Live Workshop,Tech L&D,Enrique,LATAM;UK;NA-Eastern,English,AM's and PM's,Completed,Training Session,,"This interactive, instructor-led session provides real-time, hands-on experience in crafting effective text prompts for generating timing plans, risk logs, and meeting notes, among other tasks. Join us live and take the first step towards accelerating your performance!",No,,,https://insidersacademy.learn.link/content/6842efc8ab2983428de4199e
19/01/2026,Monday,4,18:00,19:00,Pencil 101,Pencil,Live Workshop,Pencil,Vanessa,LATAM,Brazilian Portuguese,All Staff,Completed,Training Session,,In this Pencil 101 session we will walk you through a high level overview of Pencil and it's features and benefits.,Yes,Pencil Program,,https://insidersacademy.learn.link/content/670d37b24024c10011626c05
19/01/2026,Monday,4,21:00,22:00,Pencil 101,Pencil,Live Workshop,Pencil,Vanessa,NA-Eastern;NA-Pacific,English,All Staff,Completed,Training Session,,In this Pencil 101 session we will walk you through a high level overview of Pencil and it's features and benefits.,Yes,Pencil Program,,https://insidersacademy.learn.link/content/670d37b24024c10011626c05
19/01/2026,Monday,4,9:30,10:30,Pencil 101,Pencil,Live Workshop,Tech L&D,Enrique,APAC;EMEA,English,All Staff,Completed,Training Session,,In this Pencil 101 session we will walk you through a high level overview of Pencil and it's features and benefits.,Yes,Pencil Program,,https://insidersacademy.learn.link/content/670d37b24024c10011626c05
19/01/2026,Monday,4,14:00,15:00,AI Office Hours,Gen AI,Office Hours,Tech L&D,Enrique,LATAM;UK;NA-Eastern,English,All Staff,Completed,Training Session,,Have you completed your Gen AI training but need some additional support? Come along to one of our weekly AI Office hours and we can help you overcome your AI challenges in Pencil or the Sandbox. ,Yes,AI Office Hours,,https://insidersacademy.learn.link/content/6942f2a7f5b36a690440ac3c
19/01/2026,Monday,4,15:00,16:00,AI Office Hours,Gen AI,Office Hours,Tech L&D,Enrique,NA-Eastern;NA-Pacific,English,All Staff,Completed,Training Session,,Have you completed your Gen AI training but need some additional support? Come along to one of our weekly AI Office hours and we can help you overcome your AI challenges in Pencil or the Sandbox. ,Yes,AI Office Hours,,https://insidersacademy.learn.link/content/6942f2a7f5b36a690440ac3c
20/01/2026,Tuesday,4,14:00,15:00,Performance Management,PM Cycle,Live Workshop,L&D,Isabel P / Kat,EMEA; UK,English,All Staff,Completed,Training Session,,Ready to ignite your performance management journey? Discover how this cycle can accelerate your growth.,Yes,2025 PM Cycle,,https://insidersacademy.learn.link/content/695bae3c34edcd6069e029a5
20/01/2026,Tuesday,4,18:00,19:00,Pencil Copy and Strategy,Pencil,Live Workshop,Pencil,Vanessa,LATAM,Brazilian Portuguese,Creative,Completed,Training Session,,The key to a good marketing campaign is a clear strategy.  This course explores the essential techniques for generating strategy and content to enhance your marketing efforts. Learn how to utilise LLMs to produce copy in multiple languages and explore text analysis tools to refine your content,Yes,Pencil Program,,https://insidersacademy.learn.link/content/670d37b24024c10011626c05
20/01/2026,Tuesday,4,21:00,22:00,Pencil Copy and Strategy,Pencil,Live Workshop,Pencil,Vanessa,NA-Eastern;NA-Pacific,English,Creative,Completed,Training Session,,The key to a good marketing campaign is a clear strategy.  This course explores the essential techniques for generating strategy and content to enhance your marketing efforts. Learn how to utilise LLMs to produce copy in multiple languages and explore text analysis tools to refine your content,Yes,Pencil Program,,https://insidersacademy.learn.link/content/670d37b24024c10011626c05
20/01/2026,Tuesday,4,9:30,10:30,Pencil Copy and Strategy,Pencil,Live Workshop,Tech L&D,Enrique,APAC;EMEA,English,Creative,Completed,Training Session,,The key to a good marketing campaign is a clear strategy.  This course explores the essential techniques for generating strategy and content to enhance your marketing efforts. Learn how to utilise LLMs to produce copy in multiple languages and explore text analysis tools to refine your content,Yes,Pencil Program,,https://insidersacademy.learn.link/content/670d37b24024c10011626c05
21/01/2026,Wednesday,4,17:00,18:00,Performance Management,PM Cycle,Live Workshop,L&D,Jefferson,LATAM ,Brazilian Portuguese,All Staff,Completed,Training Session,,Ready to ignite your performance management journey? Discover how this cycle can accelerate your growth.,Yes,2025 PM Cycle,,https://insidersacademy.learn.link/content/695bae3c34edcd6069e029a5
21/01/2026,Wednesday,4,20:00,21:00,Performance Management,PM Cycle,Live Workshop,L&D,Adriana R,LATAM ,Spanish,All Staff,Completed,Training Session,,Ready to ignite your performance management journey? Discover how this cycle can accelerate your growth.,Yes,2025 PM Cycle,,https://insidersacademy.learn.link/content/695bae3c34edcd6069e029a5
21/01/2026,Wednesday,4,18:00,19:00,Pencil Image Generation,Pencil,Live Workshop,Pencil,Vanessa,LATAM,Brazilian Portuguese,Creative,Completed,Training Session,,Master the art of creating effective prompts for image generation! Discover how to craft detailed prompts and delve into various image generation models. Amend prompts with ease and utilise Pencilï¿½s editing tools to ensure assets meet design briefs and accelerate your campaign.,Yes,Pencil Program,,https://insidersacademy.learn.link/content/670d37b24024c10011626c05
21/01/2026,Wednesday,4,21:00,22:00,Pencil Image Generation,Pencil,Live Workshop,Pencil,Vanessa,NA-Eastern;NA-Pacific,English,Creative,Completed,Training Session,,Master the art of creating effective prompts for image generation! Discover how to craft detailed prompts and delve into various image generation models. Amend prompts with ease and utilise Pencilï¿½s editing tools to ensure assets meet design briefs and accelerate your campaign.,Yes,Pencil Program,,https://insidersacademy.learn.link/content/670d37b24024c10011626c05
21/01/2026,Wednesday,4,9:30,10:30,Pencil Image Generation,Pencil,Live Workshop,Tech L&D,Enrique,APAC;EMEA,English,Creative,Completed,Training Session,,Master the art of creating effective prompts for image generation! Discover how to craft detailed prompts and delve into various image generation models. Amend prompts with ease and utilise Pencilï¿½s editing tools to ensure assets meet design briefs and accelerate your campaign.,Yes,Pencil Program,,https://insidersacademy.learn.link/content/670d37b24024c10011626c05
22/01/2026,Thursday,4,15:00,16:00,Performance Management,PM Cycle,Live Workshop,L&D,Adriana R,LATAM ,Spanish,All Staff,Completed,Training Session,,Ready to ignite your performance management journey? Discover how this cycle can accelerate your growth.,Yes,2025 PM Cycle,,https://insidersacademy.learn.link/content/695bae3c34edcd6069e029a5
22/01/2026,Thursday,4,17:00,18:00,Performance Management,PM Cycle,Live Workshop,L&D,Jefferson,LATAM ,Brazilian Portuguese,All Staff,Completed,Training Session,,Ready to ignite your performance management journey? Discover how this cycle can accelerate your growth.,Yes,2025 PM Cycle,,https://insidersacademy.learn.link/content/695bae3c34edcd6069e029a5
22/01/2026,Thursday,4,23:00,0:00,Performance Management,PM Cycle,Live Workshop,L&D,Adriana R,LATAM ,Spanish,All Staff,Completed,Training Session,,Ready to ignite your performance management journey? Discover how this cycle can accelerate your growth.,Yes,2025 PM Cycle,,https://insidersacademy.learn.link/content/695bae3c34edcd6069e029a5
22/01/2026,Thursday,4,18:00,19:00,Pencil Video Generation,Pencil,Live Workshop,Pencil,Vanessa,LATAM,Brazilian Portuguese,Creative,Completed,Training Session,,"Pencil’s image-to-video tool is here and you can become an expert in prompting and crafting incredible motion outputs. In this session, you’ll learn how to select the best image to generate from, prompt like a wizard and produce great videos in minutes!?",Yes,Pencil Program,,https://insidersacademy.learn.link/content/670d37b24024c10011626c05
22/01/2026,Thursday,4,21:00,22:00,Pencil Video Generation,Pencil,Live Workshop,Pencil,Vanessa,NA-Eastern;NA-Pacific,English,Creative,Completed,Training Session,,"Pencil’s image-to-video tool is here and you can become an expert in prompting and crafting incredible motion outputs. In this session, you’ll learn how to select the best image to generate from, prompt like a wizard and produce great videos in minutes!?",Yes,Pencil Program,,https://insidersacademy.learn.link/content/670d37b24024c10011626c05
22/01/2026,Thursday,4,9:30,10:30,Pencil Video Generation,Pencil,Live Workshop,Tech L&D,Enrique,APAC;EMEA,English,Creative,Completed,Training Session,,"Pencil’s image-to-video tool is here and you can become an expert in prompting and crafting incredible motion outputs. In this session, you’ll learn how to select the best image to generate from, prompt like a wizard and produce great videos in minutes!?",Yes,Pencil Program,,https://insidersacademy.learn.link/content/670d37b24024c10011626c05
22/01/2026,Thursday,4,14:00,15:00,Creating AI Agents in the Sandbox,Gen AI,Live Workshop,Tech L&D,Enrique,LATAM;UK;NA-Eastern,English,All Staff,Completed,Training Session,,Don't miss this unique opportunity to learn how to build your own AI assistants that can automate repetitive tasks and enhance your creative workflow. Join us on this AI journey and transform the way you work! ,No,,,https://insidersacademy.learn.link/content/6852b0b6fd28feefe4c9a64b
23/01/2026,Friday,4,6:00,7:00,Performance Management,PM Cycle,Live Workshop,L&D,Astrud / Kat,APAC ,English,All Staff,Completed,Training Session,,Ready to ignite your performance management journey? Discover how this cycle can accelerate your growth.,Yes,2025 PM Cycle,,https://insidersacademy.learn.link/content/695bae3c34edcd6069e029a5
23/01/2026,Friday,4,9:30,10:30,Pencil Building and Using Templates,Pencil,Live Workshop,Tech L&D,Enrique,APAC;EMEA,English,Creative,Completed,Training Session,,"Explore how to create and edit templates using text, images, music, animations, and brand assets. This course will help you to streamline your creative process and generate dynamic content efficiently and quickly. Get producing high-quality, multi-format creatives that perfectly match your brand.ï¿½",Yes,Pencil Program,,https://insidersacademy.learn.link/content/670d37b24024c10011626c05
23/01/2026,Friday,4,14:00,15:00,Text Prompting for Beginners,Gen AI,Live Workshop,Tech L&D,Enrique,LATAM;UK;NA-Eastern,English,All Staff,Completed,Training Session,,"This interactive course provides real time, hands-on experience in crafting effective text prompts for storytelling, copywriting, and idea generation. Join us live and take the first step towards becoming a master of text prompting!",No,,,https://insidersacademy.learn.link/content/66d9a6a89c22af00110e8677
23/01/2026,Friday,4,15:00,16:00,Text Prompting for Beginners,Gen AI,Live Workshop,Tech L&D,Enrique,NA-Eastern;NA-Pacific,English,All Staff,Completed,Training Session,,"This interactive course provides real time, hands-on experience in crafting effective text prompts for storytelling, copywriting, and idea generation. Join us live and take the first step towards becoming a master of text prompting!",No,,,https://insidersacademy.learn.link/content/66d9a6a89c22af00110e8677
26/01/2026,Monday,5,9:30,10:30,Pencil Generating Creatives in Bulk,Pencil,Live Workshop,Tech L&D,Enrique,APAC;EMEA,English,Creative,Completed,Training Session,,"Master the art of generating great ads in bulk! We will show you how to create ads and gather key insights on their performance. Pencil’s feed variation tool will empower you to generate bulk creatives in various styles and translations, closely tailored to diverse needs and hyper localised, meaning you can save time and maximise efficiency.",Yes,Pencil Program,,https://insidersacademy.learn.link/content/670d37b24024c10011626c05
26/01/2026,Monday,5,14:00,15:00,AI Office Hours,Gen AI,Office Hours,Tech L&D,Enrique,LATAM;UK;NA-Eastern,English,All Staff,Completed,Training Session,,Have you completed your Gen AI training but need some additional support? Come along to one of our weekly AI Office hours and we can help you overcome your AI challenges in Pencil or the Sandbox. ,Yes,AI Office Hours,,https://insidersacademy.learn.link/content/6942f2a7f5b36a690440ac3c
26/01/2026,Monday,5,15:00,16:00,AI Office Hours,Gen AI,Office Hours,Tech L&D,Enrique,NA-Eastern;NA-Pacific,English,All Staff,Completed,Training Session,,Have you completed your Gen AI training but need some additional support? Come along to one of our weekly AI Office hours and we can help you overcome your AI challenges in Pencil or the Sandbox. ,Yes,AI Office Hours,,https://insidersacademy.learn.link/content/6942f2a7f5b36a690440ac3c
27/01/2026,Tuesday,5,10:00,11:00,Performance Management Drop-In Session,PM Cycle,Live Workshop,L&D,Sarisha G / Kat,UK; EMEA,English,All Staff,Completed,Training Session,,"If you have any more questions following the Performance Management training session, please sign up to chat to us live with your questions.",Yes,2025 PM Cycle,,https://insidersacademy.learn.link/content/695ce5c234edcd1409e0fa40
27/01/2026,Tuesday,5,18:00,19:00,Pencil Building and Using Templates,Pencil,Live Workshop,Pencil,Vanessa,LATAM,Brazilian Portuguese,Creative,Completed,Training Session,,"Explore how to create and edit templates using text, images, music, animations, and brand assets. This course will help you to streamline your creative process and generate dynamic content efficiently and quickly. Get producing high-quality, multi-format creatives that perfectly match your brand.ï¿½",Yes,Pencil Program,,https://insidersacademy.learn.link/content/670d37b24024c10011626c05
27/01/2026,Tuesday,5,21:00,22:00,Pencil Building and Using Templates,Pencil,Live Workshop,Pencil,Vanessa,NA-Eastern;NA-Pacific,English,Creative,Completed,Training Session,,"Explore how to create and edit templates using text, images, music, animations, and brand assets. This course will help you to streamline your creative process and generate dynamic content efficiently and quickly. Get producing high-quality, multi-format creatives that perfectly match your brand.ï¿½",Yes,Pencil Program,,https://insidersacademy.learn.link/content/670d37b24024c10011626c05
27/01/2026,Tuesday,5,9:30,10:30,Text Prompting for Project Managers,Gen AI,Live Workshop,Tech L&D,Enrique,APAC;EMEA,English,AM's and PM's,Completed,Training Session,,"This interactive, instructor-led session provides real-time, hands-on experience in crafting effective text prompts for generating timing plans, risk logs, and meeting notes, among other tasks. Join us live and take the first step towards accelerating your performance!",No,,,https://insidersacademy.learn.link/content/6842efc8ab2983428de4199e
27/01/2026,Tuesday,5,14:00,15:00,Text Prompting for Project Managers,Gen AI,Live Workshop,Tech L&D,Enrique,LATAM;UK;NA-Eastern,English,AM's and PM's,Completed,Training Session,,"This interactive, instructor-led session provides real-time, hands-on experience in crafting effective text prompts for generating timing plans, risk logs, and meeting notes, among other tasks. Join us live and take the first step towards accelerating your performance!",No,,,https://insidersacademy.learn.link/content/6842efc8ab2983428de4199e
28/01/2026,Wednesday,5,18:00,19:00,Pencil Generating Creatives in Bulk,Pencil,Live Workshop,Pencil,Vanessa,LATAM,Brazilian Portuguese,Creative,Completed,Training Session,,"Master the art of generating great ads in bulk! We will show you how to create ads and gather key insights on their performance. Pencil’s feed variation tool will empower you to generate bulk creatives in various styles and translations, closely tailored to diverse needs and hyper localised, meaning you can save time and maximise efficiency.",Yes,Pencil Program,,https://insidersacademy.learn.link/content/670d37b24024c10011626c05
28/01/2026,Wednesday,5,21:00,22:00,Pencil Generating Creatives in Bulk,Pencil,Live Workshop,Pencil,Vanessa,NA-Eastern;NA-Pacific,English,Creative,Completed,Training Session,,"Master the art of generating great ads in bulk! We will show you how to create ads and gather key insights on their performance. Pencil’s feed variation tool will empower you to generate bulk creatives in various styles and translations, closely tailored to diverse needs and hyper localised, meaning you can save time and maximise efficiency.",Yes,Pencil Program,,https://insidersacademy.learn.link/content/670d37b24024c10011626c05
28/01/2026,Wednesday,5,9:30,10:30,AI Office Hours,Gen AI,Office Hours,Tech L&D,Enrique,APAC;EMEA,English,All Staff,Completed,Training Session,,Have you completed your Gen AI training but need some additional support? Come along to one of our weekly AI Office hours and we can help you overcome your AI challenges in Pencil or the Sandbox. ,Yes,AI Office Hours,,https://insidersacademy.learn.link/content/6942f2a7f5b36a690440ac3c
28/01/2026,Wednesday,5,14:00,15:00,AI Office Hours,Gen AI,Office Hours,Tech L&D,Enrique,LATAM;UK;NA-Eastern,English,All Staff,Completed,Training Session,,Have you completed your Gen AI training but need some additional support? Come along to one of our weekly AI Office hours and we can help you overcome your AI challenges in Pencil or the Sandbox. ,Yes,AI Office Hours,,https://insidersacademy.learn.link/content/6942f2a7f5b36a690440ac3c
28/01/2026,Wednesday,5,15:00,16:00,AI Office Hours,Gen AI,Office Hours,Tech L&D,Enrique,NA-Eastern;NA-Pacific,English,All Staff,Completed,Training Session,,Have you completed your Gen AI training but need some additional support? Come along to one of our weekly AI Office hours and we can help you overcome your AI challenges in Pencil or the Sandbox. ,Yes,AI Office Hours,,https://insidersacademy.learn.link/content/6942f2a7f5b36a690440ac3c
29/01/2026,Thursday,5,9:30,10:30,Text Prompting for Social,Gen AI,Live Workshop,Tech L&D,Enrique,APAC;EMEA,English,Social,Completed,Training Session,,"This interactive instructor-led session offers real-time, hands-on experience in crafting powerful text prompts to generate high-impact social media posts, captions, and campaign ideas. Join us live and learn how to harness AIï¿½s creativity to elevate your brandï¿½s online presence!",No,,,https://insidersacademy.learn.link/content/68eeafdd1521d2391f057aac
29/01/2026,Thursday,5,14:00,15:00,Text Prompting for Social,Gen AI,Live Workshop,Tech L&D,Enrique,LATAM;UK;NA-Eastern,English,Social,Completed,Training Session,,"This interactive instructor-led session offers real-time, hands-on experience in crafting powerful text prompts to generate high-impact social media posts, captions, and campaign ideas. Join us live and learn how to harness AIï¿½s creativity to elevate your brandï¿½s online presence!",No,,,https://insidersacademy.learn.link/content/68eeafdd1521d2391f057aac
30/01/2026,Friday,5,9:30,10:30,AI Amplify: Creative Mastery Series,Webinars,Webinar,Creative,Dan Wicks,APAC;EMEA,English,All Staff,Completed,Training Session,,"AI Amplify is a dynamic and engaging series designed to foster creativity through the power of artificial intelligence. This monthly series invites creative minds at OLIVER to explore, innovate, and elevate their skills using the latest AI techniques and tools. Each session will be led by industry experts offering unique insights into how AI can be harnessed for creative excellence.",No,,,https://insidersacademy.learn.link/content/6969069da83d6452be7e6158
30/01/2026,Friday,5,14:00,15:00,AI Amplify: Creative Mastery Series,Webinars,Webinar,Creative,Dan Wicks,LATAM;UK;NA-Eastern,English,All Staff,Completed,Training Session,,"AI Amplify is a dynamic and engaging series designed to foster creativity through the power of artificial intelligence. This monthly series invites creative minds at OLIVER to explore, innovate, and elevate their skills using the latest AI techniques and tools. Each session will be led by industry experts offering unique insights into how AI can be harnessed for creative excellence.",No,,,https://insidersacademy.learn.link/content/6969069da83d6452be7e6158
30/01/2026,Friday,5,10:00,11:00,Performance Management Drop-In Session,PM Cycle,Live Workshop,L&D,Kat,UK; EMEA,English,All Staff,Completed,Training Session,,"If you have any more questions following the Performance Management training session, please sign up to chat to us live with your questions.",Yes,2025 PM Cycle,,https://insidersacademy.learn.link/content/695ce5c234edcd1409e0fa40
30/01/2026,Friday,5,17:00,18:00,Performance Management,PM Cycle,Live Workshop,L&D,Jefferson,LATAM ,Brazilian Portuguese,All Staff,Completed,Training Session,,Ready to ignite your performance management journey? Discover how this cycle can accelerate your growth.,Yes,2025 PM Cycle,,https://insidersacademy.learn.link/content/695bae3c34edcd6069e029a5
2/2/26,Monday,6,14:00,15:00,Pencil 101,Pencil,Live Workshop,Tech L&D,Enrique,LATAM;UK;NA-Eastern,English,All Staff,Completed,Training Session,,In this Pencil 101 session we will walk you through a high level overview of Pencil and it's features and benefits.,Yes,Pencil Program,,https://insidersacademy.learn.link/content/670d37b24024c10011626c05
3/2/26,Tuesday,6,9:30,10:30,Text Prompting for Project Managers,Gen AI,Live Workshop,Tech L&D,Enrique,APAC;EMEA,English,AM's and PM's,Completed,Training Session,,"This interactive, instructor-led session provides real-time, hands-on experience in crafting effective text prompts for generating timing plans, risk logs, and meeting notes, among other tasks. Join us live and take the first step towards accelerating your performance!",No,,,https://insidersacademy.learn.link/content/6842efc8ab2983428de4199e
3/2/26,Tuesday,6,14:00,15:00,Pencil Copy and Strategy,Pencil,Live Workshop,Tech L&D,Enrique,LATAM;UK;NA-Eastern,English,Creative,Completed,Training Session,,The key to a good marketing campaign is a clear strategy.  This course explores the essential techniques for generating strategy and content to enhance your marketing efforts. Learn how to utilise LLMs to produce copy in multiple languages and explore text analysis tools to refine your content,Yes,Pencil Program,,https://insidersacademy.learn.link/content/670d37b24024c10011626c05
4/2/26,Wednesday,6,7:00,8:00,AI Office Hours,Gen AI,Office Hours,Tech L&D,Enrique,APAC;EMEA,English,All Staff,Completed,Training Session,,Have you completed your Gen AI training but need some additional support? Come along to one of our weekly AI Office hours and we can help you overcome your AI challenges in Pencil or the Sandbox. ,Yes,AI Office Hours,,https://insidersacademy.learn.link/content/6942f2a7f5b36a690440ac3c
4/2/26,Wednesday,6,9:30,10:30,The Basics of Image Prompting,Gen AI,Live Workshop,Tech L&D,Enrique,APAC;EMEA,English,All Staff,Completed,Training Session,,"This course will guide you from the basics of creating simple prompts to advanced techniques for crafting detailed and specific prompts that produce high-quality images. You'll learn to use AI for various purposes, including artistic creations and professional designs.",No,,,https://insidersacademy.learn.link/content/66bcb465e6a165001115a2da
4/2/26,Wednesday,6,13:00,14:00,Pencil Image Generation,Pencil,Live Workshop,Tech L&D,Enrique,LATAM;UK;NA-Eastern,English,Creative,Completed,Training Session,,Master the art of creating effective prompts for image generation! Discover how to craft detailed prompts and delve into various image generation models. Amend prompts with ease and utilise Pencilï¿½s editing tools to ensure assets meet design briefs and accelerate your campaign.,Yes,Pencil Program,,https://insidersacademy.learn.link/content/670d37b24024c10011626c05
4/2/26,Wednesday,6,15:00,16:00,AI Office Hours,Gen AI,Office Hours,Tech L&D,Enrique,NA-Eastern;NA-Pacific,English,All Staff,Completed,Training Session,,Have you completed your Gen AI training but need some additional support? Come along to one of our weekly AI Office hours and we can help you overcome your AI challenges in Pencil or the Sandbox. ,Yes,AI Office Hours,,https://insidersacademy.learn.link/content/6942f2a7f5b36a690440ac3c
5/2/26,Thursday,6,14:00,15:00,Pencil Video Generation,Pencil,Live Workshop,Tech L&D,Enrique,LATAM;UK;NA-Eastern,English,Creative,Completed,Training Session,,"Pencil’s image-to-video tool is here and you can become an expert in prompting and crafting incredible motion outputs. In this session, you’ll learn how to select the best image to generate from, prompt like a wizard and produce great videos in minutes!?",Yes,Pencil Program,,https://insidersacademy.learn.link/content/670d37b24024c10011626c05
5/2/26,Thursday,6,15:00,16:00,Text Prompting for Project Managers,Gen AI,Live Workshop,Tech L&D,Enrique,NA-Eastern;NA-Pacific,English,AM's and PM's,Completed,Training Session,,"This interactive, instructor-led session provides real-time, hands-on experience in crafting effective text prompts for generating timing plans, risk logs, and meeting notes, among other tasks. Join us live and take the first step towards accelerating your performance!",No,,,https://insidersacademy.learn.link/content/6842efc8ab2983428de4199e
6/2/26,Friday,6,21:00,22:00,Pencil 101,Pencil,Live Workshop,Pencil,Vanessa,NA-Eastern;NA-Pacific,English,All Staff,Completed,Training Session,,In this Pencil 101 session we will walk you through a high level overview of Pencil and it's features and benefits.,Yes,Pencil Program,,https://insidersacademy.learn.link/content/670d37b24024c10011626c05
9/2/26,Monday,7,14:00,15:00,Pencil Building and Using Templates,Pencil,Live Workshop,Tech L&D,Enrique,LATAM;UK;NA-Eastern,English,Creative,Completed,Training Session,,"Explore how to create and edit templates using text, images, music, animations, and brand assets. This course will help you to streamline your creative process and generate dynamic content efficiently and quickly. Get producing high-quality, multi-format creatives that perfectly match your brand.ï¿½",Yes,Pencil Program,,https://insidersacademy.learn.link/content/670d37b24024c10011626c05
9/2/26,Monday,7,15:00,16:00,Text Prompting for Social,Gen AI,Live Workshop,Tech L&D,Enrique,NA-Eastern;NA-Pacific,English,Social,Completed,Training Session,,"This interactive instructor-led session offers real-time, hands-on experience in crafting powerful text prompts to generate high-impact social media posts, captions, and campaign ideas. Join us live and learn how to harness AIï¿½s creativity to elevate your brandï¿½s online presence!",No,,,https://insidersacademy.learn.link/content/68eeafdd1521d2391f057aac
9/2/26,Monday,7,15:00,16:00,Performance Management Drop-In Session,PM Cycle,Live Workshop,L&D,Jefferson,LATAM,Spanish,All Staff,Completed,Training Session,,"If you have any more questions following the Performance Management training session, please sign up to chat to us live with your questions.",Yes,2025 PM Cycle,,https://insidersacademy.learn.link/content/695ce5c234edcd1409e0fa40
9/2/26,Monday,7,17:00,18:00,Performance Management Drop-In Session,PM Cycle,Live Workshop,L&D,Jefferson,LATAM,Brazilian Portuguese,All Staff,Completed,Training Session,,"If you have any more questions following the Performance Management training session, please sign up to chat to us live with your questions.",Yes,2025 PM Cycle,,https://insidersacademy.learn.link/content/695ce5c234edcd1409e0fa40
9/2/26,Monday,7,17:00,18:00,Performance Management Drop-In Session,PM Cycle,Live Workshop,L&D,Jefferson / Kat,NA-Eastern;NA-Pacific,English,All Staff,Completed,Training Session,,"If you have any more questions following the Performance Management training session, please sign up to chat to us live with your questions.",Yes,2025 PM Cycle,,https://insidersacademy.learn.link/content/695ce5c234edcd1409e0fa40
10/2/26,Tuesday,7,9:00,10:00,Pencil - New Features,Pencil,Live Workshop,Pencil,Sarah,APAC;EMEA;UK,English,Creative,Completed,Training Session,,In this session Pencil will take you through the latest updates and enhancements to the systems.,No,,,https://insidersacademy.learn.link/content/68a58c56fd93e4d08865b523
10/2/26,Tuesday,7,14:00,15:00,Pencil - New Features,Pencil,Live Workshop,Pencil,Jo,APAC;EMEA;UK,English,Creative,Completed,Training Session,,In this session Pencil will take you through the latest updates and enhancements to the systems.,No,,,https://insidersacademy.learn.link/content/68a58c56fd93e4d08865b523
10/2/26,Tuesday,7,21:00,22:00,Pencil Image Generation,Pencil,Live Workshop,Pencil,Vanessa,NA-Eastern;NA-Pacific,English,Creative,Completed,Training Session,,Master the art of creating effective prompts for image generation! Discover how to craft detailed prompts and delve into various image generation models. Amend prompts with ease and utilise Pencilï¿½s editing tools to ensure assets meet design briefs and accelerate your campaign.,Yes,Pencil Program,,https://insidersacademy.learn.link/content/670d37b24024c10011626c05
10/2/26,Tuesday,7,14:00,15:00,Performance Management,PM Cycle,Live Workshop,L&D,Silvia V / Kat,EMEA; UK,English,All Staff,Completed,Training Session,,Ready to ignite your performance management journey? Discover how this cycle can accelerate your growth.,Yes,2025 PM Cycle,,https://insidersacademy.learn.link/content/695bae3c34edcd6069e029a5
11/2/26,Wednesday,7,18:00,19:00,Pencil - New Features,Pencil,Live Workshop,Pencil,Vanessa,LATAM,Brazilian Portuguese,Creative,Completed,Training Session,,In this session Pencil will take you through the latest updates and enhancements to the systems.,No,,,https://insidersacademy.learn.link/content/68a58c56fd93e4d08865b523
11/2/26,Wednesday,7,21:00,22:00,Pencil Video Generation,Pencil,Live Workshop,Pencil,Vanessa,NA-Eastern;NA-Pacific,English,Creative,Completed,Training Session,,"Pencil’s image-to-video tool is here and you can become an expert in prompting and crafting incredible motion outputs. In this session, you’ll learn how to select the best image to generate from, prompt like a wizard and produce great videos in minutes!?",Yes,Pencil Program,,https://insidersacademy.learn.link/content/670d37b24024c10011626c05
11/2/26,Monday,7,,,Public Holiday - Brazil,,,,,,,,,Public Holiday,Public Holiday - Brazil,,No,,,
11/2/26,Wednesday,7,6:00,7:00,SBII Feedback ,PM Cycle,Live Workshop,L&D,Astrud / Kat,APAC,English,All Staff,Completed,Training Session,,"Join your host in this introductory training session explaining the framework of the professional, positive and universally useful SBII feedback model; IIG's recommended feedback method for your teams, managers and peers.",Yes,2025 PM Cycle,,https://insidersacademy.learn.link/content/695bab6b313a6b5507832191
11/2/26,Wednesday,7,15:00,16:00,SBII Feedback ,PM Cycle,Live Workshop,L&D,Jefferson,LATAM,Spanish,All Staff,Completed,Training Session,,"Join your host in this introductory training session explaining the framework of the professional, positive and universally useful SBII feedback model; IIG's recommended feedback method for your teams, managers and peers.",Yes,2025 PM Cycle,,https://insidersacademy.learn.link/content/695bab6b313a6b5507832191
11/2/26,Wednesday,7,17:00,18:00,SBII Feedback ,PM Cycle,Live Workshop,L&D,Jefferson,LATAM,Brazilian Portuguese,All Staff,Completed,Training Session,,"Join your host in this introductory training session explaining the framework of the professional, positive and universally useful SBII feedback model; IIG's recommended feedback method for your teams, managers and peers.",Yes,2025 PM Cycle,,https://insidersacademy.learn.link/content/695bab6b313a6b5507832191
11/2/26,Wednesday,7,18:00,19:00,SBII Feedback ,PM Cycle,Live Workshop,L&D,Jefferson,NA-Eastern;NA-Pacific,English,All Staff,Completed,Training Session,,"Join your host in this introductory training session explaining the framework of the professional, positive and universally useful SBII feedback model; IIG's recommended feedback method for your teams, managers and peers.",Yes,2025 PM Cycle,,https://insidersacademy.learn.link/content/695bab6b313a6b5507832191
12/2/26,Thursday,7,21:00,22:00,Pencil Building and Using Templates,Pencil,Live Workshop,Pencil,Vanessa,NA-Eastern;NA-Pacific,English,Creative,Completed,Training Session,,"Explore how to create and edit templates using text, images, music, animations, and brand assets. This course will help you to streamline your creative process and generate dynamic content efficiently and quickly. Get producing high-quality, multi-format creatives that perfectly match your brand.ï¿½",Yes,Pencil Program,,https://insidersacademy.learn.link/content/670d37b24024c10011626c05
12/2/26,Thursday,7,22:00,23:00,Pencil Generating Creatives in Bulk,Pencil,Live Workshop,Pencil,Vanessa,NA-Eastern;NA-Pacific,English,Creative,Completed,Training Session,,"Master the art of generating great ads in bulk! We will show you how to create ads and gather key insights on their performance. Pencil’s feed variation tool will empower you to generate bulk creatives in various styles and translations, closely tailored to diverse needs and hyper localised, meaning you can save time and maximise efficiency.",Yes,Pencil Program,,https://insidersacademy.learn.link/content/670d37b24024c10011626c05
12/2/26,Thursday,7,9:30,10:30,Text Prompting for Project Managers,Gen AI,Live Workshop,Tech L&D,Enrique,NA-Eastern;NA-Pacific,English,AM's and PM's,Completed,Training Session,,"This interactive, instructor-led session provides real-time, hands-on experience in crafting effective text prompts for generating timing plans, risk logs, and meeting notes, among other tasks. Join us live and take the first step towards accelerating your performance!",No,,,https://insidersacademy.learn.link/content/6842efc8ab2983428de4199e
12/2/26,Thursday,7,14:00,15:00,Text Prompting for Project Managers,Gen AI,Live Workshop,Tech L&D,Enrique,NA-Eastern;NA-Pacific,English,AM's and PM's,Completed,Training Session,,"This interactive, instructor-led session provides real-time, hands-on experience in crafting effective text prompts for generating timing plans, risk logs, and meeting notes, among other tasks. Join us live and take the first step towards accelerating your performance!",No,,,https://insidersacademy.learn.link/content/6842efc8ab2983428de4199e
12/2/26,Wednesday,7,,,,,,,,,,,,,,,,,,
12/2/26,Thursday,7,10:00,11:00,Performance Management,PM Cycle,Live Workshop,L&D,Kat / Dom C,UK; EMEA,English,All Staff,Completed,Training Session,,Ready to ignite your performance management journey? Discover how this cycle can accelerate your growth.,Yes,2025 PM Cycle,,https://insidersacademy.learn.link/content/695bae3c34edcd6069e029a5
12/2/26,Thursday,7,15:00,16:00,Setting SMART Goals,PM Cycle,Live Workshop,L&D,Jefferson,LATAM,Spanish,All Staff,Completed,Training Session,,"This course has been designed to help you understand the importance of setting goals in a professional environment, as well as covering best practices for setting goals using the SMART model.",Yes,2025 PM Cycle,,https://insidersacademy.learn.link/content/6970fa2ba83d6440cd83b94e
12/2/26,Thursday,7,17:00,18:00,Setting SMART Goals,PM Cycle,Live Workshop,L&D,Jefferson,LATAM,Brazilian Portuguese,All Staff,Completed,Training Session,,"This course has been designed to help you understand the importance of setting goals in a professional environment, as well as covering best practices for setting goals using the SMART model.",Yes,2025 PM Cycle,,https://insidersacademy.learn.link/content/6970fa2ba83d6440cd83b94e
12/2/26,Thursday,7,18:00,19:00,Setting SMART Goals,PM Cycle,Live Workshop,L&D,Jefferson,NA-Eastern;NA-Pacific,English,All Staff,Completed,Training Session,,"This course has been designed to help you understand the importance of setting goals in a professional environment, as well as covering best practices for setting goals using the SMART model.",Yes,2025 PM Cycle,,https://insidersacademy.learn.link/content/6970fa2ba83d6440cd83b94e
13/02/2026,Friday,7,6:00,7:00,SBII Feedback ,PM Cycle,Live Workshop,L&D,Astrud / Kat,APAC; EMEA,English,All Staff,Completed,Training Session,,"Join your host in this introductory training session explaining the framework of the professional, positive and universally useful SBII feedback model; IIG's recommended feedback method for your teams, managers and peers.",Yes,2025 PM Cycle,,https://insidersacademy.learn.link/content/695bab6b313a6b5507832191
13/02/2026,Friday,7,7:30,8:30,Pencil 101,Pencil,Live Workshop,Tech L&D,Enrique,APAC;EMEA,English,All Staff,Completed,Training Session,,In this Pencil 101 session we will walk you through a high level overview of Pencil and it's features and benefits.,Yes,Pencil Program,,https://insidersacademy.learn.link/content/670d37b24024c10011626c05
13/02/2026,Friday,7,14:00,15:00,Pencil Generating Creatives in Bulk,Pencil,Live Workshop,Tech L&D,Enrique,LATAM;UK;NA-Eastern,English,Creative,Completed,Training Session,,"Master the art of generating great ads in bulk! We will show you how to create ads and gather key insights on their performance. Pencil’s feed variation tool will empower you to generate bulk creatives in various styles and translations, closely tailored to diverse needs and hyper localised, meaning you can save time and maximise efficiency.",Yes,Pencil Program,,https://insidersacademy.learn.link/content/670d37b24024c10011626c05
16/02/2026,Monday,8,7:30,8:30,Pencil Copy and Strategy,Pencil,Live Workshop,Tech L&D,Enrique,APAC;EMEA,English,Creative,Completed,Training Session,,The key to a good marketing campaign is a clear strategy.  This course explores the essential techniques for generating strategy and content to enhance your marketing efforts. Learn how to utilise LLMs to produce copy in multiple languages and explore text analysis tools to refine your content,Yes,Pencil Program,,https://insidersacademy.learn.link/content/670d37b24024c10011626c05
16/02/2026,Monday,8,14:00,15:00,Creating AI Agents in the Sandbox,Gen AI,Live Workshop,Tech L&D,Enrique,LATAM;UK;NA-Eastern,English,All Staff,Completed,Training Session,,Don't miss this unique opportunity to learn how to build your own AI assistants that can automate repetitive tasks and enhance your creative workflow. Join us on this AI journey and transform the way you work! ,No,,,https://insidersacademy.learn.link/content/6852b0b6fd28feefe4c9a64b
16/02/2026,Monday,8,,,Family Day - South Africa,,,,,,,,,Public Holiday,Family Day,,No,,,
17/02/2026,Tuesday,8,10:00,11:00,Performance Management,PM Cycle,Live Workshop,L&D,Kat / Aimee K,UK; EMEA,English,All Staff,Completed,Training Session,,Ready to ignite your performance management journey? Discover how this cycle can accelerate your growth.,Yes,2025 PM Cycle,,https://insidersacademy.learn.link/content/695bae3c34edcd6069e029a5
17/02/2026,Tuesday,8,21:00,22:00,Pencil Video Generation,Pencil,Live Workshop,Pencil,Vanessa,NA-Eastern;NA-Pacific,English,Creative,Completed,Training Session,,"Pencil’s image-to-video tool is here and you can become an expert in prompting and crafting incredible motion outputs. In this session, you’ll learn how to select the best image to generate from, prompt like a wizard and produce great videos in minutes!?",Yes,Pencil Program,,https://insidersacademy.learn.link/content/670d37b24024c10011626c05
17/02/2026,Tuesday,8,7:30,8:30,Pencil Image Generation,Pencil,Live Workshop,Tech L&D,Enrique,APAC;EMEA,English,Creative,Completed,Training Session,,Master the art of creating effective prompts for image generation! Discover how to craft detailed prompts and delve into various image generation models. Amend prompts with ease and utilise Pencilï¿½s editing tools to ensure assets meet design briefs and accelerate your campaign.,Yes,Pencil Program,,https://insidersacademy.learn.link/content/670d37b24024c10011626c05
17/02/2026,Tuesday,8,14:00,15:00,The Basics of Image Prompting,Gen AI,Live Workshop,Tech L&D,Enrique,LATAM;UK;NA-Eastern,English,All Staff,Completed,Training Session,,"This course will guide you from the basics of creating simple prompts to advanced techniques for crafting detailed and specific prompts that produce high-quality images. You'll learn to use AI for various purposes, including artistic creations and professional designs.",No,,,https://insidersacademy.learn.link/content/66bcb465e6a165001115a2da
18/02/2026,Wednesday,8,11:00,12:00,SBII Feedback ,PM Cycle,Live Workshop,L&D,Taylor,EMEA; UK,English,All Staff,Completed,Training Session,,"Join your host in this introductory training session explaining the framework of the professional, positive and universally useful SBII feedback model; IIG's recommended feedback method for your teams, managers and peers.",Yes,2025 PM Cycle,,https://insidersacademy.learn.link/content/695bab6b313a6b5507832191
18/02/2026,Wednesday,8,21:00,22:00,Pencil 101,Pencil,Live Workshop,Pencil,Vanessa,LATAM;NA-Eastern;NA-Pacific,Brazilian Portuguese,All Staff,Completed,Training Session,,In this Pencil 101 session we will walk you through a high level overview of Pencil and it's features and benefits.,Yes,Pencil Program,,https://insidersacademy.learn.link/content/670d37b24024c10011626c05
19/02/2026,Wednesday,8,15:00,16:00,Performance Management Drop-In Session,PM Cycle,Live Workshop,L&D,Jefferson,LATAM,Spanish,All Staff,Completed,Training Session,,"If you have any more questions following the Performance Management training session, please sign up to chat to us live with your questions.",Yes,2025 PM Cycle,,https://insidersacademy.learn.link/content/695ce5c234edcd1409e0fa40
19/02/2026,Wednesday,8,7:00,8:00,AI Office Hours,Gen AI,Office Hours,Tech L&D,Enrique,APAC;EMEA,English,All Staff,Completed,Training Session,,Have you completed your Gen AI training but need some additional support? Come along to one of our weekly AI Office hours and we can help you overcome your AI challenges in Pencil or the Sandbox. ,Yes,AI Office Hours,,https://insidersacademy.learn.link/content/6942f2a7f5b36a690440ac3c
19/02/2026,Wednesday,8,13:00,14:00,AI Office Hours,Gen AI,Office Hours,Tech L&D,Enrique,LATAM;UK;NA-Eastern,English,All Staff,Completed,Training Session,,Have you completed your Gen AI training but need some additional support? Come along to one of our weekly AI Office hours and we can help you overcome your AI challenges in Pencil or the Sandbox. ,Yes,AI Office Hours,,https://insidersacademy.learn.link/content/6942f2a7f5b36a690440ac3c
19/02/2026,Wednesday,8,15:00,16:00,AI Office Hours,Gen AI,Office Hours,Tech L&D,Enrique,NA-Eastern;NA-Pacific,English,All Staff,Completed,Training Session,,Have you completed your Gen AI training but need some additional support? Come along to one of our weekly AI Office hours and we can help you overcome your AI challenges in Pencil or the Sandbox. ,Yes,AI Office Hours,,https://insidersacademy.learn.link/content/6942f2a7f5b36a690440ac3c
19/02/2026,Thursday,8,7:30,8:30,Pencil Video Generation,Pencil,Live Workshop,Tech L&D,Enrique,APAC;EMEA,English,Creative,Completed,Training Session,,"Pencil’s image-to-video tool is here and you can become an expert in prompting and crafting incredible motion outputs. In this session, you’ll learn how to select the best image to generate from, prompt like a wizard and produce great videos in minutes!?",Yes,Pencil Program,,https://insidersacademy.learn.link/content/670d37b24024c10011626c05
20/02/2026,Friday,8,9:30,10:30,Setting SMART Goals,PM Cycle,Live Workshop,L&D,Kat,UK; EMEA,English,All Staff,Completed,Training Session,,"This course has been designed to help you understand the importance of setting goals in a professional environment, as well as covering best practices for setting goals using the SMART model.",Yes,2025 PM Cycle,,https://insidersacademy.learn.link/content/6970fa2ba83d6440cd83b94e
20/02/2026,Friday,8,7:30,8:30,Pencil Building and Using Templates,Pencil,Live Workshop,Tech L&D,Enrique,APAC;EMEA,English,Creative,Completed,Training Session,,"Explore how to create and edit templates using text, images, music, animations, and brand assets. This course will help you to streamline your creative process and generate dynamic content efficiently and quickly. Get producing high-quality, multi-format creatives that perfectly match your brand.ï¿½",Yes,Pencil Program,,https://insidersacademy.learn.link/content/670d37b24024c10011626c05
20/02/2026,Friday,8,14:00,15:00,Text Prompting for Social,Gen AI,Live Workshop,Tech L&D,Enrique,LATAM;UK;NA-Eastern,English,Social,Completed,Training Session,,"This interactive instructor-led session offers real-time, hands-on experience in crafting powerful text prompts to generate high-impact social media posts, captions, and campaign ideas. Join us live and learn how to harness AIï¿½s creativity to elevate your brandï¿½s online presence!",No,,,https://insidersacademy.learn.link/content/68eeafdd1521d2391f057aac
23/02/2026,Monday,9,7:30,8:30,Pencil Generating Creatives in Bulk,Pencil,Live Workshop,Tech L&D,Enrique,APAC;EMEA,English,Creative,Completed,Training Session,,"Master the art of generating great ads in bulk! We will show you how to create ads and gather key insights on their performance. Pencil’s feed variation tool will empower you to generate bulk creatives in various styles and translations, closely tailored to diverse needs and hyper localised, meaning you can save time and maximise efficiency.",Yes,Pencil Program,,https://insidersacademy.learn.link/content/670d37b24024c10011626c05
24/02/2026,Tuesday,9,6:00,7:00,Performance Management Drop-In Session,PM Cycle,Live Workshop,L&D,Astrud / Kat,APAC; EMEA,English,All Staff,Completed,Training Session,,"If you have any more questions following the Performance Management training session, please sign up to chat to us live with your questions.",Yes,2025 PM Cycle,,https://insidersacademy.learn.link/content/695ce5c234edcd1409e0fa40
24/02/2026,Tuesday,9,11:00,12:00,Performance Management Drop-In Session,PM Cycle,Live Workshop,L&D,Kat / Ugochi C,UK; EMEA,English,All Staff,Completed,Training Session,,"If you have any more questions following the Performance Management training session, please sign up to chat to us live with your questions.",Yes,2025 PM Cycle,,https://insidersacademy.learn.link/content/695ce5c234edcd1409e0fa40
24/02/2026,Tuesday,9,17:00,18:00,Performance Management Drop-In Session,PM Cycle,Live Workshop,L&D,Jefferson,LATAM,Brazilian Portuguese,All Staff,Completed,Training Session,,"If you have any more questions following the Performance Management training session, please sign up to chat to us live with your questions.",Yes,2025 PM Cycle,,https://insidersacademy.learn.link/content/695ce5c234edcd1409e0fa40
24/02/2026,Tuesday,9,7:30,8:30,Pencil Video Generation,Pencil,Live Workshop,Tech L&D,Enrique,APAC;EMEA,English,Creative,Completed,Training Session,,"Pencil’s image-to-video tool is here and you can become an expert in prompting and crafting incredible motion outputs. In this session, you’ll learn how to select the best image to generate from, prompt like a wizard and produce great videos in minutes!?",Yes,Pencil Program,,https://insidersacademy.learn.link/content/670d37b24024c10011626c05
25/02/2026,Wednesday,9,7:00,8:00,AI Office Hours,Gen AI,Office Hours,Tech L&D,Enrique,APAC;EMEA,English,All Staff,Completed,Training Session,,Have you completed your Gen AI training but need some additional support? Come along to one of our weekly AI Office hours and we can help you overcome your AI challenges in Pencil or the Sandbox. ,Yes,AI Office Hours,,https://insidersacademy.learn.link/content/6942f2a7f5b36a690440ac3c
26/02/2026,Thursday,9,7:30,8:30,Pencil 101,Pencil,Live Workshop,Tech L&D,Enrique,APAC;EMEA,English,All Staff,Completed,Training Session,,In this Pencil 101 session we will walk you through a high level overview of Pencil and it's features and benefits.,Yes,Pencil Program,,https://insidersacademy.learn.link/content/670d37b24024c10011626c05
27/02/2026,Friday,9,9:30,10:30,Setting SMART Goals,PM Cycle,Live Workshop,L&D,Kat,UK; EMEA,English,All Staff,Cancelled,Training Session,,"This course has been designed to help you understand the importance of setting goals in a professional environment, as well as covering best practices for setting goals using the SMART model.",Yes,2025 PM Cycle,Due to low attendance. Participants moved to the March session.,https://insidersacademy.learn.link/content/6970fa2ba83d6440cd83b94e
27/02/2026,Friday,9,7:30,8:30,Pencil Copy and Strategy,Pencil,Live Workshop,Tech L&D,Enrique,APAC;EMEA,English,Creative,Completed,Training Session,,The key to a good marketing campaign is a clear strategy.  This course explores the essential techniques for generating strategy and content to enhance your marketing efforts. Learn how to utilise LLMs to produce copy in multiple languages and explore text analysis tools to refine your content,Yes,Pencil Program,,https://insidersacademy.learn.link/content/670d37b24024c10011626c05
2/3/26,Monday,10,19:00,20:00,Performance Management Drop-In Session,PM Cycle,Live Workshop,L&D,Jefferson,NA-Eastern;NA-Pacific,English,All Staff,Completed,Training Session,,"If you have any more questions following the Performance Management training session, please sign up to chat to us live with your questions.",Yes,2025 PM Cycle,,https://insidersacademy.learn.link/content/695ce5c234edcd1409e0fa40
2/3/26,Tuesday,10,15:00,15:45,SBII Feedback ,PM Cycle,Live Workshop,L&D,Taylor,EMEA; UK,English,All Staff,Completed,Training Session,,"Join your host in this introductory training session explaining the framework of the professional, positive and universally useful SBII feedback model; IIG's recommended feedback method for your teams, managers and peers.",Yes,2025 PM Cycle,,https://insidersacademy.learn.link/content/695bab6b313a6b5507832191
2/3/26,Monday,10,7:30,8:30,Pencil 101,Pencil,Live Workshop,Tech L&D,Enrique,APAC;EMEA,English,All Staff,Scheduled,Training Session,,In this Pencil 101 session we will walk you through a high level overview of Pencil and it's features and benefits.,Yes,Pencil Program,,https://insidersacademy.learn.link/content/670d37b24024c10011626c05
2/3/26,Monday,10,7:30,9:00,Text Prompting for Social,Gen AI,Live Workshop,Tech L&D,Enrique,LATAM;UK;NA-Eastern,English,Social,Scheduled,Training Session,,"This interactive instructor-led session offers real-time, hands-on experience in crafting powerful text prompts to generate high-impact social media posts, captions, and campaign ideas. Join us live and learn how to harness AIï¿½s creativity to elevate your brandï¿½s online presence!",No,,,https://insidersacademy.learn.link/content/68eeafdd1521d2391f057aac
3/3/26,Tuesday,10,7:30,8:30,Pencil Copy and Strategy,Pencil,Live Workshop,Tech L&D,Enrique,APAC;EMEA,English,Creative,Scheduled,Training Session,,The key to a good marketing campaign is a clear strategy.  This course explores the essential techniques for generating strategy and content to enhance your marketing efforts. Learn how to utilise LLMs to produce copy in multiple languages and explore text analysis tools to refine your content,Yes,Pencil Program,,https://insidersacademy.learn.link/content/670d37b24024c10011626c05
3/3/26,Tuesday,10,17:00,19:00,Text Prompting for Project Managers,Gen AI,Live Workshop,Tech L&D,Enrique,LATAM;NA-Eastern;NA-Pacific,English,AM's and PM's,Scheduled,Training Session,,"This interactive, instructor-led session provides real-time, hands-on experience in crafting effective text prompts for generating timing plans, risk logs, and meeting notes, among other tasks. Join us live and take the first step towards accelerating your performance!",No,,,https://insidersacademy.learn.link/content/6842efc8ab2983428de4199e
4/3/26,Wednesday,10,7:00,8:00,AI Office Hours,Gen AI,Office Hours,Tech L&D,Enrique,APAC;EMEA,English,All Staff,Scheduled,Training Session,,Have you completed your Gen AI training but need some additional support? Come along to one of our weekly AI Office hours and we can help you overcome your AI challenges in Pencil or the Sandbox. ,Yes,AI Office Hours,,https://insidersacademy.learn.link/content/6942f2a7f5b36a690440ac3c
4/3/26,Wednesday,10,12:00,13:00,AI Office Hours,Gen AI,Office Hours,Tech L&D,Enrique,EMEA;UK;LATAM,English,All Staff,Scheduled,Training Session,,Have you completed your Gen AI training but need some additional support? Come along to one of our weekly AI Office hours and we can help you overcome your AI challenges in Pencil or the Sandbox. ,Yes,AI Office Hours,,https://insidersacademy.learn.link/content/6942f2a7f5b36a690440ac3c
4/3/26,Wednesday,10,15:00,16:00,AI Office Hours,Gen AI,Office Hours,Tech L&D,Enrique,LATAM;NA-Eastern,English,All Staff,Scheduled,Training Session,,Have you completed your Gen AI training but need some additional support? Come along to one of our weekly AI Office hours and we can help you overcome your AI challenges in Pencil or the Sandbox. ,Yes,AI Office Hours,,https://insidersacademy.learn.link/content/6942f2a7f5b36a690440ac3c
5/3/26,Thursday,10,9:30,10:30,Pencil - New Features,Pencil,Live Workshop,Pencil,Jo,APAC;EMEA;UK,English,Creative,Scheduled,Training Session,,In this session the Pencil trainers will demonstrate the latest updates and enhancements to the Pencil.,No,,,https://insidersacademy.learn.link/content/68a58c56fd93e4d08865b523
5/3/26,Thursday,10,16:00,17:00,Pencil - New Features,Pencil,Live Workshop,Pencil,Sarah,LATAM;NA-Eastern;NA-Pacific,English,Creative,Scheduled,Training Session,,In this session the Pencil trainers will demonstrate the latest updates and enhancements to the Pencil.,No,,,https://insidersacademy.learn.link/content/68a58c56fd93e4d08865b523
5/3/26,Thursday,10,7:30,9:00,Creating AI Agents in the Sandbox,Gen AI,Live Workshop,Tech L&D,Enrique,APAC;EMEA,English,All Staff,Scheduled,Training Session,,Don't miss this unique opportunity to learn how to build your own AI assistants that can automate repetitive tasks and enhance your creative workflow. Join us on this AI journey and transform the way you work! ,No,,,https://insidersacademy.learn.link/content/6852b0b6fd28feefe4c9a64b
5/3/26,Thursday,10,14:00,15:30,Pencil Image Generation,Pencil,Live Workshop,Tech L&D,Enrique,LATAM;NA-Eastern;UK;EMEA,English,Creative,Scheduled,Training Session,,Master the art of creating effective prompts for image generation! Discover how to craft detailed prompts and delve into various image generation models. Amend prompts with ease and utilise Pencilï¿½s editing tools to ensure assets meet design briefs and accelerate your campaign.,Yes,Pencil Program,,https://insidersacademy.learn.link/content/670d37b24024c10011626c05
6/3/26,Friday,10,14:00,15:30,Pencil Video Generation,Pencil,Live Workshop,Tech L&D,Enrique,LATAM;NA-Eastern;UK;EMEA,English,Creative,Scheduled,Training Session,,"Pencil’s image-to-video tool is here and you can become an expert in prompting and crafting incredible motion outputs. In this session, you’ll learn how to select the best image to generate from, prompt like a wizard and produce great videos in minutes!?",Yes,Pencil Program,,https://insidersacademy.learn.link/content/670d37b24024c10011626c05
9/3/26,Monday,11,10:00,11:00,AI Amplify: Creative Mastery Series,Gen AI,Webinar,Creative,Eloise Smith,APAC;EMEA,English,Creative,Scheduled,Training Session,,"AI Amplify is a dynamic and engaging series designed to foster creativity through the power of artificial intelligence. This monthly series invites creative minds at OLIVER to explore, innovate, and elevate their skills using the latest AI techniques and tools. Each session will be led by industry experts offering unique insights into how AI can be harnessed for creative excellence.",Yes,AI Amplify,,https://insidersacademy.learn.link/content/6969069da83d6452be7e6158
9/3/26,Monday,11,15:00,16:00,AI Amplify: Creative Mastery Series,Gen AI,Webinar,Creative,Eloise Smith,LATAM;NA-Eastern,English,Creative,Scheduled,Training Session,,"AI Amplify is a dynamic and engaging series designed to foster creativity through the power of artificial intelligence. This monthly series invites creative minds at OLIVER to explore, innovate, and elevate their skills using the latest AI techniques and tools. Each session will be led by industry experts offering unique insights into how AI can be harnessed for creative excellence.",Yes,AI Amplify,,https://insidersacademy.learn.link/content/6969069da83d6452be7e6158
9/3/26,Monday,11,14:00,15:30,Pencil Building and Using Templates,Pencil,Live Workshop,Tech L&D,Enrique,LATAM;NA-Eastern;UK;EMEA,English,Creative,Scheduled,Training Session,,"Explore how to create and edit templates using text, images, music, animations, and brand assets. This course will help you to streamline your creative process and generate dynamic content efficiently and quickly. Get producing high-quality, multi-format creatives that perfectly match your brand.ï¿½",Yes,Pencil Program,,https://insidersacademy.learn.link/content/670d37b24024c10011626c05
9/3/26,Monday,11,17:00,18:30,The Basics of Image Prompting,Gen AI,Live Workshop,Tech L&D,Enrique,LATAM;NA-Eastern;NA-Pacific,English,All Staff,Scheduled,Training Session,,"This course will guide you from the basics of creating simple prompts to advanced techniques for crafting detailed and specific prompts that produce high-quality images. You'll learn to use AI for various purposes, including artistic creations and professional designs.",No,,,https://insidersacademy.learn.link/content/66bcb465e6a165001115a2da
9/3/26,Monday,11,15:00,16:00,Performance Management Drop-In Session,PM Cycle,Live Workshop,L&D,Jefferson,LATAM,Spanish,All Staff,Scheduled,Training Session,,"If you have any more questions following the Performance Management training session, please sign up to chat to us live with your questions.",Yes,2025 PM Cycle,,https://insidersacademy.learn.link/content/695ce5c234edcd1409e0fa40
9/3/26,Monday,11,17:00,18:00,Performance Management Drop-In Session,PM Cycle,Live Workshop,L&D,Jefferson,LATAM,Brazilian Portuguese,All Staff,Scheduled,Training Session,,"If you have any more questions following the Performance Management training session, please sign up to chat to us live with your questions.",Yes,2025 PM Cycle,,https://insidersacademy.learn.link/content/695ce5c234edcd1409e0fa40
9/3/26,Monday,11,18:00,19:00,Performance Management Drop-In Session,PM Cycle,Live Workshop,L&D,Jefferson,NA-Eastern;NA-Pacific,English,All Staff,Scheduled,Training Session,,"If you have any more questions following the Performance Management training session, please sign up to chat to us live with your questions.",Yes,2025 PM Cycle,,https://insidersacademy.learn.link/content/695ce5c234edcd1409e0fa40
10/3/26,Tuesday,11,17:00,18:00,Pencil 101,Pencil,Live Workshop,Pencil,Vanessa,LATAM;NA-Eastern,Brazilian Portuguese,All Staff,Scheduled,Training Session,,In this Pencil 101 session we will walk you through a high level overview of Pencil and it's features and benefits.,Yes,Pencil Program,,https://insidersacademy.learn.link/content/670d37b24024c10011626c05
10/3/26,Tuesday,11,14:00,15:30,Pencil Generating Creatives in Bulk,Pencil,Live Workshop,Tech L&D,Enrique,LATAM;NA-Eastern;UK;EMEA,English,Creative,Scheduled,Training Session,,"Master the art of generating great ads in bulk! We will show you how to create ads and gather key insights on their performance. Pencil’s feed variation tool will empower you to generate bulk creatives in various styles and translations, closely tailored to diverse needs and hyper localised, meaning you can save time and maximise efficiency.",Yes,Pencil Program,,https://insidersacademy.learn.link/content/670d37b24024c10011626c05
10/3/26,Tuesday,11,10:00,11:00,Performance Management Drop-In Session,PM Cycle,Live Workshop,L&D,Kat / Ugochi C,UK; EMEA,English,All Staff,Scheduled,Training Session,,"If you have any more questions following the Performance Management training session, please sign up to chat to us live with your questions.",Yes,2025 PM Cycle,,https://insidersacademy.learn.link/content/695ce5c234edcd1409e0fa40
11/3/26,Wednesday,11,17:00,18:30,Pencil Copy and Strategy,Pencil,Live Workshop,Pencil,Vanessa,LATAM;NA-Eastern,Brazilian Portuguese,Creative,Cancelled,Training Session,,The key to a good marketing campaign is a clear strategy.  This course explores the essential techniques for generating strategy and content to enhance your marketing efforts. Learn how to utilise LLMs to produce copy in multiple languages and explore text analysis tools to refine your content,Yes,Pencil Program,Cancelled due to low registrations,https://insidersacademy.learn.link/content/670d37b24024c10011626c05
11/3/26,Wednesday,11,9:00,8:00,AI Office Hours,Gen AI,Office Hours,Tech L&D,Enrique,APAC;EMEA,English,All Staff,Scheduled,Training Session,,Have you completed your Gen AI training but need some additional support? Come along to one of our weekly AI Office hours and we can help you overcome your AI challenges in Pencil or the Sandbox. ,Yes,AI Office Hours,,https://insidersacademy.learn.link/content/6942f2a7f5b36a690440ac3c
11/3/26,Wednesday,11,14:00,15:00,AI Office Hours,Gen AI,Office Hours,Tech L&D,Enrique,EMEA;UK;LATAM,English,All Staff,Scheduled,Training Session,,Have you completed your Gen AI training but need some additional support? Come along to one of our weekly AI Office hours and we can help you overcome your AI challenges in Pencil or the Sandbox. ,Yes,AI Office Hours,,https://insidersacademy.learn.link/content/6942f2a7f5b36a690440ac3c
11/3/26,Wednesday,11,17:00,18:00,AI Office Hours,Gen AI,Office Hours,Tech L&D,Enrique,LATAM;NA-Eastern,English,All Staff,Scheduled,Training Session,,Have you completed your Gen AI training but need some additional support? Come along to one of our weekly AI Office hours and we can help you overcome your AI challenges in Pencil or the Sandbox. ,Yes,AI Office Hours,,https://insidersacademy.learn.link/content/6942f2a7f5b36a690440ac3c
11/3/26,Wednesday,11,9:00,10:00,Setting SMART Goals,PM Cycle,Live Workshop,L&D,Kat,APAC; UK; EMEA,English,All Staff,Scheduled,Training Session,,"This course has been designed to help you understand the importance of setting goals in a professional environment, as well as covering best practices for setting goals using the SMART model.",Yes,2025 PM Cycle,,https://insidersacademy.learn.link/content/6970fa2ba83d6440cd83b94e
12/3/26,Thursday,11,17:00,18:30,Pencil Image Generation,Pencil,Live Workshop,Pencil,Vanessa,APAC;EMEA,Brazilian Portuguese,Creative,Cancelled,Training Session,,Master the art of creating effective prompts for image generation! Discover how to craft detailed prompts and delve into various image generation models. Amend prompts with ease and utilise Pencilï¿½s editing tools to ensure assets meet design briefs and accelerate your campaign.,Yes,Pencil Program,Cancelled due to low registrations,https://insidersacademy.learn.link/content/670d37b24024c10011626c05
12/3/26,Thursday,11,14:00,16:00,Text Prompting for Project Managers,Gen AI,Live Workshop,Tech L&D,Enrique,LATAM;UK;NA-Eastern,English,AM's and PM's,Scheduled,Training Session,,"This interactive, instructor-led session provides real-time, hands-on experience in crafting effective text prompts for generating timing plans, risk logs, and meeting notes, among other tasks. Join us live and take the first step towards accelerating your performance!",No,,,https://insidersacademy.learn.link/content/6842efc8ab2983428de4199e
12/3/26,Thursday,11,7:30,9:30,Text Prompting for Project Managers,Gen AI,Live Workshop,Tech L&D,Enrique,APAC;EMEA,English,AM's and PM's,Scheduled,Training Session,,"This interactive, instructor-led session provides real-time, hands-on experience in crafting effective text prompts for generating timing plans, risk logs, and meeting notes, among other tasks. Join us live and take the first step towards accelerating your performance!",No,,,https://insidersacademy.learn.link/content/6842efc8ab2983428de4199e
12/3/26,Thursday,11,6:00,7:00,Performance Management Drop-In Session,PM Cycle,Live Workshop,L&D,Astrud / Kat,APAC,English,All Staff,Scheduled,Training Session,,"If you have any more questions following the Performance Management training session, please sign up to chat to us live with your questions.",Yes,2025 PM Cycle,,https://insidersacademy.learn.link/content/695ce5c234edcd1409e0fa40
13/03/2026,Friday,11,17:00,18:30,Pencil Video Generation,Pencil,Live Workshop,Pencil,Vanessa,LATAM;NA-Eastern,Brazilian Portuguese,Creative,Cancelled,Training Session,,"Pencil’s image-to-video tool is here and you can become an expert in prompting and crafting incredible motion outputs. In this session, you’ll learn how to select the best image to generate from, prompt like a wizard and produce great videos in minutes!?",Yes,Pencil Program,Cancelled due to low registrations,https://insidersacademy.learn.link/content/670d37b24024c10011626c05
13/03/2026,Friday,11,7:30,9:00,Text Prompting for Social,Gen AI,Live Workshop,Tech L&D,Enrique,APAC;EMEA,English,Social,Scheduled,Training Session,,"This interactive instructor-led session offers real-time, hands-on experience in crafting powerful text prompts to generate high-impact social media posts, captions, and campaign ideas. Join us live and learn how to harness AIï¿½s creativity to elevate your brandï¿½s online presence!",No,,,https://insidersacademy.learn.link/content/68eeafdd1521d2391f057aac
13/03/2026,Friday,11,14:00,15:30,Text Prompting for Social,Gen AI,Live Workshop,Tech L&D,Enrique,LATAM;UK;NA-Eastern,English,Social,Scheduled,Training Session,,"This interactive instructor-led session offers real-time, hands-on experience in crafting powerful text prompts to generate high-impact social media posts, captions, and campaign ideas. Join us live and learn how to harness AIï¿½s creativity to elevate your brandï¿½s online presence!",No,,,https://insidersacademy.learn.link/content/68eeafdd1521d2391f057aac
16/03/2026,Monday,12,17:00,18:30,Pencil Building and Using Templates,Pencil,Live Workshop,Pencil,Vanessa,LATAM;NA-Eastern,Brazilian Portuguese,Creative,Cancelled,Training Session,,"Explore how to create and edit templates using text, images, music, animations, and brand assets. This course will help you to streamline your creative process and generate dynamic content efficiently and quickly. Get producing high-quality, multi-format creatives that perfectly match your brand.ï¿½",Yes,Pencil Program,Cancelled due to low registrations,https://insidersacademy.learn.link/content/670d37b24024c10011626c05
16/03/2026,Monday,12,18:00,19:00,Pencil - New Features,Pencil,Live Workshop,Pencil,Vanessa,LATAM;NA-Eastern,Brazilian Portuguese,Creative,Scheduled,Training Session,,In this session the Pencil trainers will demonstrate the latest updates and enhancements to the Pencil.,No,,,https://insidersacademy.learn.link/content/68a58c56fd93e4d08865b523
16/03/2026,Monday,12,7:30,8:30,Pencil 101,Pencil,Live Workshop,Tech L&D,Enrique,APAC;EMEA,English,All Staff,Scheduled,Training Session,,In this Pencil 101 session we will walk you through a high level overview of Pencil and it's features and benefits.,Yes,Pencil Program,,https://insidersacademy.learn.link/content/670d37b24024c10011626c05
17/03/2026,Tuesday,12,6:00,7:00,Setting SMART Goals,PM Cycle,Live Workshop,L&D,Astrud / Kat,APAC,English,All Staff,Scheduled,Training Session,,"This course has been designed to help you understand the importance of setting goals in a professional environment, as well as covering best practices for setting goals using the SMART model.",Yes,2025 PM Cycle,,https://insidersacademy.learn.link/content/6970fa2ba83d6440cd83b94e
17/03/2026,Tuesday,12,9:30,10:30,Performance Management,PM Cycle,Live Workshop,L&D,Kat,UK; EMEA,English,All Staff,Scheduled,Training Session,,Ready to ignite your performance management journey? Discover how this cycle can accelerate your growth.,Yes,2025 PM Cycle,,https://insidersacademy.learn.link/content/695bae3c34edcd6069e029a5
17/03/2026,Tuesday,12,17:00,18:30,Pencil Generating Creatives in Bulk,Pencil,Live Workshop,Pencil,Vanessa,LATAM;NA-Eastern,Brazilian Portuguese,Creative,Cancelled,Training Session,,"Master the art of generating great ads in bulk! We will show you how to create ads and gather key insights on their performance. Pencil’s feed variation tool will empower you to generate bulk creatives in various styles and translations, closely tailored to diverse needs and hyper localised, meaning you can save time and maximise efficiency.",Yes,Pencil Program,Cancelled due to low registrations,https://insidersacademy.learn.link/content/670d37b24024c10011626c05
17/03/2026,Tuesday,12,7:30,9:00,Pencil Copy and Strategy,Pencil,Live Workshop,Tech L&D,Enrique,APAC;EMEA,English,Creative,Scheduled,Training Session,,The key to a good marketing campaign is a clear strategy.  This course explores the essential techniques for generating strategy and content to enhance your marketing efforts. Learn how to utilise LLMs to produce copy in multiple languages and explore text analysis tools to refine your content,Yes,Pencil Program,,https://insidersacademy.learn.link/content/670d37b24024c10011626c05
18/03/2026,Wednesday,12,9:30,10:30,SBII Feedback ,PM Cycle,Live Workshop,L&D,Taylor,EMEA; UK,English,All Staff,Scheduled,Training Session,,"Join your host in this introductory training session explaining the framework of the professional, positive and universally useful SBII feedback model; IIG's recommended feedback method for your teams, managers and peers.",Yes,2025 PM Cycle,,https://insidersacademy.learn.link/content/695bab6b313a6b5507832191
18/03/2026,Wednesday,12,15:00,16:00,Performance Management Drop-In Session,PM Cycle,Live Workshop,L&D,Jefferson,LATAM,Spanish,All Staff,Scheduled,Training Session,,"If you have any more questions following the Performance Management training session, please sign up to chat to us live with your questions.",Yes,2025 PM Cycle,,https://insidersacademy.learn.link/content/695ce5c234edcd1409e0fa40
18/03/2026,Wednesday,12,17:00,18:00,Performance Management Drop-In Session,PM Cycle,Live Workshop,L&D,Jefferson,LATAM,Brazilian Portuguese,All Staff,Scheduled,Training Session,,"If you have any more questions following the Performance Management training session, please sign up to chat to us live with your questions.",Yes,2025 PM Cycle,,https://insidersacademy.learn.link/content/695ce5c234edcd1409e0fa40
18/03/2026,Wednesday,12,19:30,20:30,Performance Management Drop-In Session,PM Cycle,Live Workshop,L&D,Jefferson,NA-Eastern;NA-Pacific,English,All Staff,Scheduled,Training Session,,"If you have any more questions following the Performance Management training session, please sign up to chat to us live with your questions.",Yes,2025 PM Cycle,,https://insidersacademy.learn.link/content/695ce5c234edcd1409e0fa40
18/03/2026,Wednesday,12,7:30,9:00,Pencil Image Generation,Pencil,Live Workshop,Tech L&D,Enrique,APAC;EMEA,English,Creative,Scheduled,Training Session,,Master the art of creating effective prompts for image generation! Discover how to craft detailed prompts and delve into various image generation models. Amend prompts with ease and utilise Pencilï¿½s editing tools to ensure assets meet design briefs and accelerate your campaign.,Yes,Pencil Program,,https://insidersacademy.learn.link/content/670d37b24024c10011626c05
18/03/2026,Wednesday,12,14:00,15:00,AI Office Hours,Gen AI,Office Hours,Tech L&D,Enrique,EMEA;UK;LATAM,English,All Staff,Scheduled,Training Session,,Have you completed your Gen AI training but need some additional support? Come along to one of our weekly AI Office hours and we can help you overcome your AI challenges in Pencil or the Sandbox. ,Yes,AI Office Hours,,https://insidersacademy.learn.link/content/6942f2a7f5b36a690440ac3c
18/03/2026,Wednesday,12,16:00,17:00,AI Office Hours,Gen AI,Office Hours,Tech L&D,Enrique,LATAM;NA-Eastern,English,All Staff,Scheduled,Training Session,,Have you completed your Gen AI training but need some additional support? Come along to one of our weekly AI Office hours and we can help you overcome your AI challenges in Pencil or the Sandbox. ,Yes,AI Office Hours,,https://insidersacademy.learn.link/content/6942f2a7f5b36a690440ac3c
19/03/2026,Thursday,12,15:00,16:00,Setting SMART Goals,PM Cycle,Live Workshop,L&D,Jefferson,LATAM,Spanish,All Staff,Scheduled,Training Session,,"This course has been designed to help you understand the importance of setting goals in a professional environment, as well as covering best practices for setting goals using the SMART model.",Yes,2025 PM Cycle,,https://insidersacademy.learn.link/content/6970fa2ba83d6440cd83b94e
19/03/2026,Thursday,12,17:00,18:00,Setting SMART Goals,PM Cycle,Live Workshop,L&D,Jefferson,LATAM,Brazilian Portuguese,All Staff,Scheduled,Training Session,,"This course has been designed to help you understand the importance of setting goals in a professional environment, as well as covering best practices for setting goals using the SMART model.",Yes,2025 PM Cycle,,https://insidersacademy.learn.link/content/6970fa2ba83d6440cd83b94e
19/03/2026,Thursday,12,18:00,19:00,Setting SMART Goals,PM Cycle,Live Workshop,L&D,Jefferson,NA-Eastern;NA-Pacific,English,All Staff,Scheduled,Training Session,,"This course has been designed to help you understand the importance of setting goals in a professional environment, as well as covering best practices for setting goals using the SMART model.",Yes,2025 PM Cycle,,https://insidersacademy.learn.link/content/6970fa2ba83d6440cd83b94e
19/03/2026,Thursday,12,14:00,15:30,Creating AI Agents in the Sandbox,Gen AI,Live Workshop,Tech L&D,Enrique,APAC;EMEA,English,All Staff,Scheduled,Training Session,,Don't miss this unique opportunity to learn how to build your own AI assistants that can automate repetitive tasks and enhance your creative workflow. Join us on this AI journey and transform the way you work! ,No,,,https://insidersacademy.learn.link/content/6852b0b6fd28feefe4c9a64b
20/03/2026,Friday,12,7:30,9:00,Pencil Video Generation,Pencil,Live Workshop,Tech L&D,Enrique,APAC;EMEA,English,Creative,Scheduled,Training Session,,"Pencil’s image-to-video tool is here and you can become an expert in prompting and crafting incredible motion outputs. In this session, you’ll learn how to select the best image to generate from, prompt like a wizard and produce great videos in minutes!?",Yes,Pencil Program,,https://insidersacademy.learn.link/content/670d37b24024c10011626c05
23/03/2026,Monday,13,15:00,16:00,Performance Management Drop-In Session,PM Cycle,Live Workshop,L&D,Kat / Sarisha G,UK; EMEA,English,All Staff,Scheduled,Training Session,,"If you have any more questions following the Performance Management training session, please sign up to chat to us live with your questions.",Yes,2025 PM Cycle,,https://insidersacademy.learn.link/content/695ce5c234edcd1409e0fa40
23/03/2026,Monday,13,15:00,16:00,Performance Management Drop-In Session,PM Cycle,Live Workshop,L&D,Jefferson,LATAM,Spanish,All Staff,Scheduled,Training Session,,"If you have any more questions following the Performance Management training session, please sign up to chat to us live with your questions.",Yes,2025 PM Cycle,,https://insidersacademy.learn.link/content/695ce5c234edcd1409e0fa40
23/03/2026,Monday,13,17:00,18:00,Performance Management Drop-In Session,PM Cycle,Live Workshop,L&D,Jefferson,LATAM,Brazilian Portuguese,All Staff,Scheduled,Training Session,,"If you have any more questions following the Performance Management training session, please sign up to chat to us live with your questions.",Yes,2025 PM Cycle,,https://insidersacademy.learn.link/content/695ce5c234edcd1409e0fa40
23/03/2026,Monday,13,18:00,19:00,Performance Management Drop-In Session,PM Cycle,Live Workshop,L&D,Jefferson,NA-Eastern;NA-Pacific,English,All Staff,Scheduled,Training Session,,"If you have any more questions following the Performance Management training session, please sign up to chat to us live with your questions.",Yes,2025 PM Cycle,,https://insidersacademy.learn.link/content/695ce5c234edcd1409e0fa40
23/03/2026,Monday,12,7:30,9:00,Pencil Building and Using Templates,Pencil,Live Workshop,Tech L&D,Enrique,APAC;EMEA,English,Creative,Scheduled,Training Session,,"Explore how to create and edit templates using text, images, music, animations, and brand assets. This course will help you to streamline your creative process and generate dynamic content efficiently and quickly. Get producing high-quality, multi-format creatives that perfectly match your brand.ï¿½",Yes,Pencil Program,,https://insidersacademy.learn.link/content/670d37b24024c10011626c05
24/03/2026,Tuesday,12,21:00,22:00,Pencil 101,Pencil,Live Workshop,Pencil,Vanessa,NA-Eastern;NA-Pacific,English,All Staff,Scheduled,Training Session,,In this Pencil 101 session we will walk you through a high level overview of Pencil and it's features and benefits.,Yes,Pencil Program,,https://insidersacademy.learn.link/content/670d37b24024c10011626c05
24/03/2026,Tuesday,13,10:30,11:30,Performance Management Drop-In Session,PM Cycle,Live Workshop,L&D,Kat / Ugochi C,UK; EMEA,English,All Staff,Scheduled,Training Session,,"If you have any more questions following the Performance Management training session, please sign up to chat to us live with your questions.",Yes,2025 PM Cycle,,https://insidersacademy.learn.link/content/695ce5c234edcd1409e0fa40
24/03/2026,Tuesday,13,7:30,9:00,Pencil Generating Creatives in Bulk,Pencil,Live Workshop,Tech L&D,Enrique,APAC;EMEA,English,Creative,Scheduled,Training Session,,"Master the art of generating great ads in bulk! We will show you how to create ads and gather key insights on their performance. Pencil’s feed variation tool will empower you to generate bulk creatives in various styles and translations, closely tailored to diverse needs and hyper localised, meaning you can save time and maximise efficiency.",Yes,Pencil Program,,https://insidersacademy.learn.link/content/670d37b24024c10011626c05
25/03/2026,Wednesday,12,21:00,22:30,Pencil Copy and Strategy,Pencil,Live Workshop,Pencil,Vanessa,NA-Eastern;NA-Pacific,English,All Staff,Scheduled,Training Session,,The key to a good marketing campaign is a clear strategy.  This course explores the essential techniques for generating strategy and content to enhance your marketing efforts. Learn how to utilise LLMs to produce copy in multiple languages and explore text analysis tools to refine your content,Yes,Pencil Program,,https://insidersacademy.learn.link/content/670d37b24024c10011626c05
25/03/2026,Wednesday,13,13:00,14:00,Performance Management Drop-In Session,PM Cycle,Live Workshop,L&D,Kat / Ugochi C,UK; EMEA,English,All Staff,Scheduled,Training Session,,"If you have any more questions following the Performance Management training session, please sign up to chat to us live with your questions.",Yes,2025 PM Cycle,,https://insidersacademy.learn.link/content/695ce5c234edcd1409e0fa40
25/03/2026,Wednesday,13,8:00,8:00,AI Office Hours,Gen AI,Office Hours,Tech L&D,Enrique,APAC;EMEA,English,All Staff,Scheduled,Training Session,,Have you completed your Gen AI training but need some additional support? Come along to one of our weekly AI Office hours and we can help you overcome your AI challenges in Pencil or the Sandbox. ,Yes,AI Office Hours,,https://insidersacademy.learn.link/content/6942f2a7f5b36a690440ac3c
25/03/2026,Wednesday,13,13:00,15:00,AI Office Hours,Gen AI,Office Hours,Tech L&D,Enrique,EMEA;UK;LATAM,English,All Staff,Scheduled,Training Session,,Have you completed your Gen AI training but need some additional support? Come along to one of our weekly AI Office hours and we can help you overcome your AI challenges in Pencil or the Sandbox. ,Yes,AI Office Hours,,https://insidersacademy.learn.link/content/6942f2a7f5b36a690440ac3c
25/03/2026,Wednesday,13,16:00,18:00,AI Office Hours,Gen AI,Office Hours,Tech L&D,Enrique,LATAM;NA-Eastern,English,All Staff,Scheduled,Training Session,,Have you completed your Gen AI training but need some additional support? Come along to one of our weekly AI Office hours and we can help you overcome your AI challenges in Pencil or the Sandbox. ,Yes,AI Office Hours,,https://insidersacademy.learn.link/content/6942f2a7f5b36a690440ac3c
26/03/2026,Thursday,13,21:00,22:30,Pencil Image Generation,Pencil,Live Workshop,Pencil,Vanessa,NA-Eastern;NA-Pacific,English,Creative,Scheduled,Training Session,,Master the art of creating effective prompts for image generation! Discover how to craft detailed prompts and delve into various image generation models. Amend prompts with ease and utilise Pencilï¿½s editing tools to ensure assets meet design briefs and accelerate your campaign.,Yes,Pencil Program,,https://insidersacademy.learn.link/content/670d37b24024c10011626c05
26/03/2026,Thursday,13,11:00,12:00,Performance Management Drop-In Session,PM Cycle,Live Workshop,L&D,Kat ,UK; EMEA,English,All Staff,Scheduled,Training Session,,"If you have any more questions following the Performance Management training session, please sign up to chat to us live with your questions.",Yes,2025 PM Cycle,,https://insidersacademy.learn.link/content/695ce5c234edcd1409e0fa40
26/03/2026,Thursday,13,7:30,9:30,Text Prompting for Project Managers,Gen AI,Live Workshop,Tech L&D,Enrique,APAC;EMEA,English,AM's and PM's,Scheduled,Training Session,,"This interactive, instructor-led session provides real-time, hands-on experience in crafting effective text prompts for generating timing plans, risk logs, and meeting notes, among other tasks. Join us live and take the first step towards accelerating your performance!",No,,,https://insidersacademy.learn.link/content/6842efc8ab2983428de4199e
26/03/2026,Thursday,13,14:00,16:00,Text Prompting for Project Managers,Gen AI,Live Workshop,Tech L&D,Enrique,UK;LATAM,English,AM's and PM's,Scheduled,Training Session,,"This interactive, instructor-led session provides real-time, hands-on experience in crafting effective text prompts for generating timing plans, risk logs, and meeting notes, among other tasks. Join us live and take the first step towards accelerating your performance!",No,,,https://insidersacademy.learn.link/content/6842efc8ab2983428de4199e
27/03/2026,Friday,13,21:00,22:30,Pencil Video Generation,Pencil,Live Workshop,Pencil,Vanessa,NA-Eastern;NA-Pacific,English,All Staff,Scheduled,Training Session,,"Pencil’s image-to-video tool is here and you can become an expert in prompting and crafting incredible motion outputs. In this session, you’ll learn how to select the best image to generate from, prompt like a wizard and produce great videos in minutes!?",Yes,Pencil Program,,https://insidersacademy.learn.link/content/670d37b24024c10011626c05
27/03/2026,Friday,13,,,,,,,,,,,,,,,,,,
30/03/2026,Monday,13,21:00,22:30,Pencil Building and Using Templates,Pencil,Live Workshop,Pencil,Vanessa,NA-Eastern;NA-Pacific,English,All Staff,Scheduled,Training Session,,"Explore how to create and edit templates using text, images, music, animations, and brand assets. This course will help you to streamline your creative process and generate dynamic content efficiently and quickly. Get producing high-quality, multi-format creatives that perfectly match your brand.ï¿½",Yes,Pencil Program,,https://insidersacademy.learn.link/content/670d37b24024c10011626c05
30/03/2026,Monday,14,9:30,10:30,Pencil 101,Pencil,Live Workshop,Tech L&D,Enrique,APAC;EMEA;UK,English,Creative,Scheduled,Training Session,,In this Pencil 101 session we will walk you through a high level overview of Pencil and it's features and benefits.,Yes,Pencil Program,,https://insidersacademy.learn.link/content/670d37b24024c10011626c05
31/03/2026,Thursday,13,21:00,22:30,Pencil Generating Creatives in Bulk,Pencil,Live Workshop,Pencil,Vanessa,NA-Eastern;NA-Pacific,English,All Staff,Scheduled,Training Session,,"Master the art of generating great ads in bulk! We will show you how to create ads and gather key insights on their performance. Pencil’s feed variation tool will empower you to generate bulk creatives in various styles and translations, closely tailored to diverse needs and hyper localised, meaning you can save time and maximise efficiency.",Yes,Pencil Program,,https://insidersacademy.learn.link/content/670d37b24024c10011626c05
31/03/2026,Tuesday,13,14:00,15:30,Text Prompting for Social,Gen AI,Live Workshop,Tech L&D,Enrique,EMEA;UK;LATAM,English,Social,Scheduled,Training Session,,"This interactive instructor-led session offers real-time, hands-on experience in crafting powerful text prompts to generate high-impact social media posts, captions, and campaign ideas. Join us live and learn how to harness AIï¿½s creativity to elevate your brandï¿½s online presence!",No,,,https://insidersacademy.learn.link/content/68eeafdd1521d2391f057aac
31/03/2026,Tuesday,13,17:00,18:30,Text Prompting for Social,Gen AI,Live Workshop,Tech L&D,Enrique,LATAM;NA-Eastern,English,Social,Scheduled,Training Session,,"This interactive instructor-led session offers real-time, hands-on experience in crafting powerful text prompts to generate high-impact social media posts, captions, and campaign ideas. Join us live and learn how to harness AIï¿½s creativity to elevate your brandï¿½s online presence!",No,,,https://insidersacademy.learn.link/content/68eeafdd1521d2391f057aac
1/4/26,Wednesday,14,13:00,14:00,Pencil 101,Pencil,Live Workshop,Pencil,Vanessa,LATAM;NA-Eastern,Brazilian Portuguese,Creative,Scheduled,Training Session,,In this Pencil 101 session we will walk you through a high level overview of Pencil and it's features and benefits.,Yes,Pencil Program,,https://insidersacademy.learn.link/content/670d37b24024c10011626c05
1/4/26,Wednesday,14,8:00,9:00,AI Office Hours,Gen AI,Office Hours,Tech L&D,Enrique,APAC;EMEA,English,All Staff,Scheduled,Training Session,,Have you completed your Gen AI training but need some additional support? Come along to one of our weekly AI Office hours and we can help you overcome your AI challenges in Pencil or the Sandbox. ,Yes,AI Office Hours,,https://insidersacademy.learn.link/content/6942f2a7f5b36a690440ac3c
1/4/26,Wednesday,14,14:00,15:00,AI Office Hours,Gen AI,Office Hours,Tech L&D,Enrique,EMEA;UK;LATAM,English,All Staff,Scheduled,Training Session,,Have you completed your Gen AI training but need some additional support? Come along to one of our weekly AI Office hours and we can help you overcome your AI challenges in Pencil or the Sandbox. ,Yes,AI Office Hours,,https://insidersacademy.learn.link/content/6942f2a7f5b36a690440ac3c
1/4/26,Wednesday,14,17:00,18:00,AI Office Hours,Gen AI,Office Hours,Tech L&D,Enrique,LATAM;NA-Eastern,English,All Staff,Scheduled,Training Session,,Have you completed your Gen AI training but need some additional support? Come along to one of our weekly AI Office hours and we can help you overcome your AI challenges in Pencil or the Sandbox. ,Yes,AI Office Hours,,https://insidersacademy.learn.link/content/6942f2a7f5b36a690440ac3c
2/4/26,Thursday,14,13:00,14:30,Pencil Copy and Strategy,Pencil,Live Workshop,Pencil,Vanessa,LATAM;NA-Eastern,Brazilian Portuguese,Creative,Scheduled,Training Session,,The key to a good marketing campaign is a clear strategy.  This course explores the essential techniques for generating strategy and content to enhance your marketing efforts. Learn how to utilise LLMs to produce copy in multiple languages and explore text analysis tools to refine your content,Yes,Pencil Program,,https://insidersacademy.learn.link/content/670d37b24024c10011626c05
2/4/26,Thursday,14,9:30,11:00,Pencil Copy and Strategy,Pencil,Live Workshop,Tech L&D,Enrique,APAC;EMEA;UK,English,Creative,Scheduled,Training Session,,The key to a good marketing campaign is a clear strategy.  This course explores the essential techniques for generating strategy and content to enhance your marketing efforts. Learn how to utilise LLMs to produce copy in multiple languages and explore text analysis tools to refine your content,Yes,Pencil Program,,https://insidersacademy.learn.link/content/670d37b24024c10011626c05
2/4/26,Thursday,14,13:30,15:00,Text Prompting for Beginners,Gen AI,Live Workshop,Tech L&D,Enrique,EMEA;UK,English,All Staff,Planned,Training Session,,"This interactive course provides real time, hands-on experience in crafting effective text prompts for storytelling, copywriting, and idea generation. Join us live and take the first step towards becoming a master of text prompting!",No,,,https://insidersacademy.learn.link/content/66d9a6a89c22af00110e8677
3/4/26,Wednesday,10,15:00,16:00,Performance Management Drop-In Session,PM Cycle,Live Workshop,L&D,Jefferson,LATAM,Spanish,All Staff,Cancelled,Training Session,,"If you have any more questions following the Performance Management training session, please sign up to chat to us live with your questions.",Yes,2025 PM Cycle,,https://insidersacademy.learn.link/content/695ce5c234edcd1409e0fa40
3/4/26,Wednesday,10,18:00,19:00,Performance Management Drop-In Session,PM Cycle,Live Workshop,L&D,Jefferson,LATAM,Brazilian Portuguese,All Staff,Cancelled,Training Session,,"If you have any more questions following the Performance Management training session, please sign up to chat to us live with your questions.",Yes,2025 PM Cycle,,https://insidersacademy.learn.link/content/695ce5c234edcd1409e0fa40
3/4/26,Friday,14,,,Good Friday,,,,,,,,,Public Holiday,Good Friday,,No,,,
6/4/26,Monday,15,,,Easter Monday,,,,,,,,,Public Holiday,Easter Monday,,No,,,
7/4/26,Tuesday,15,13:00,14:30,Pencil Image Generation,Pencil,Live Workshop,Pencil ,Vanessa,LATAM;NA-Eastern,Brazilian Portuguese,Creative,Scheduled,Training Session,,Master the art of creating effective prompts for image generation! Discover how to craft detailed prompts and delve into various image generation models. Amend prompts with ease and utilise Pencilï¿½s editing tools to ensure assets meet design briefs and accelerate your campaign.,Yes,Pencil Program,,https://insidersacademy.learn.link/content/670d37b24024c10011626c05
8/4/26,Wednesday,15,13:00,14:30,Pencil Video Generation,Pencil,Live Workshop,Pencil ,Vanessa,LATAM;NA-Eastern,Brazilian Portuguese,Creative,Scheduled,Training Session,,"Pencil’s image-to-video tool is here and you can become an expert in prompting and crafting incredible motion outputs. In this session, you’ll learn how to select the best image to generate from, prompt like a wizard and produce great videos in minutes!?",Yes,Pencil Program,,https://insidersacademy.learn.link/content/670d37b24024c10011626c05
8/4/26,Wednesday,15,9:00,11:00,Text Prompting for Project Managers,Gen AI,Live Workshop,Tech L&D,Enrique,APAC;EMEA,English,AM's and PM's,Scheduled,Training Session,,"This interactive, instructor-led session provides real-time, hands-on experience in crafting effective text prompts for generating timing plans, risk logs, and meeting notes, among other tasks. Join us live and take the first step towards accelerating your performance!",No,,,https://insidersacademy.learn.link/content/6842efc8ab2983428de4199e
8/4/26,Wednesday,15,13:30,15:30,Text Prompting for Project Managers,Gen AI,Live Workshop,Tech L&D,Enrique,EMEA;UK;LATAM;NA-Eastern,English,AM's and PM's,Scheduled,Training Session,,"This interactive, instructor-led session provides real-time, hands-on experience in crafting effective text prompts for generating timing plans, risk logs, and meeting notes, among other tasks. Join us live and take the first step towards accelerating your performance!",No,,,https://insidersacademy.learn.link/content/6842efc8ab2983428de4199e
9/4/26,Thursday,15,13:00,14:30,Pencil Building and Using Templates,Pencil,Live Workshop,Pencil ,Vanessa,LATAM;NA-Eastern,Brazilian Portuguese,Creative,Scheduled,Training Session,,"Explore how to create and edit templates using text, images, music, animations, and brand assets. This course will help you to streamline your creative process and generate dynamic content efficiently and quickly. Get producing high-quality, multi-format creatives that perfectly match your brand.ï¿½",Yes,Pencil Program,,https://insidersacademy.learn.link/content/670d37b24024c10011626c05
9/4/26,Thursday,14,9:30,11:00,Pencil Image Generation,Pencil,Live Workshop,Tech L&D,Enrique,APAC;EMEA;UK,English,Creative,Scheduled,Training Session,,Master the art of creating effective prompts for image generation! Discover how to craft detailed prompts and delve into various image generation models. Amend prompts with ease and utilise Pencilï¿½s editing tools to ensure assets meet design briefs and accelerate your campaign.,Yes,Pencil Program,,https://insidersacademy.learn.link/content/670d37b24024c10011626c05
10/4/26,Friday,15,14:00,15:30,Creating AI Agents in the Sandbox,Gen AI,Live Workshop,Tech L&D,Enrique,UK;EMEA;LATAM/NA-Eastern,English,All Staff,Scheduled,Training Session,,Don't miss this unique opportunity to learn how to build your own AI assistants that can automate repetitive tasks and enhance your creative workflow. Join us on this AI journey and transform the way you work! ,No,,,https://insidersacademy.learn.link/content/6852b0b6fd28feefe4c9a64b
10/4/26,Friday,15,13:00,14:30,Pencil Generating Creatives in Bulk,Pencil,Live Workshop,Pencil ,Vanessa,LATAM;NA-Eastern,Brazilian Portuguese,Creative,Scheduled,Training Session,,"Master the art of generating great ads in bulk! We will show you how to create ads and gather key insights on their performance. Pencil’s feed variation tool will empower you to generate bulk creatives in various styles and translations, closely tailored to diverse needs and hyper localised, meaning you can save time and maximise efficiency.",Yes,Pencil Program,,https://insidersacademy.learn.link/content/670d37b24024c10011626c05
11/4/26,Saturday,16,14:00,15:30,The Basics of Image Prompting,Gen AI,Live Workshop,Tech L&D,Enrique,UK;EMEA;LATAM/NA-Eastern,English,All Staff,Scheduled,Training Session,,"This course will guide you from the basics of creating simple prompts to advanced techniques for crafting detailed and specific prompts that produce high-quality images. You'll learn to use AI for various purposes, including artistic creations and professional designs.",No,,,https://insidersacademy.learn.link/content/66bcb465e6a165001115a2da
10/4/26,Friday,15,9:30,11:00,Pencil Video Generation,Pencil,Live Workshop,Tech L&D,Enrique,APAC;EMEA;UK,English,Creative,Scheduled,Training Session,,"Pencil’s image-to-video tool is here and you can become an expert in prompting and crafting incredible motion outputs. In this session, you’ll learn how to select the best image to generate from, prompt like a wizard and produce great videos in minutes!?",Yes,Pencil Program,,https://insidersacademy.learn.link/content/670d37b24024c10011626c05
13/04/2026,Monday,16,9:30,11:00,Pencil Building and Using Templates,Pencil,Live Workshop,Tech L&D,Enrique,APAC;EMEA;UK,English,Creative,Scheduled,Training Session,,"Explore how to create and edit templates using text, images, music, animations, and brand assets. This course will help you to streamline your creative process and generate dynamic content efficiently and quickly. Get producing high-quality, multi-format creatives that perfectly match your brand.ï¿½",Yes,Pencil Program,,https://insidersacademy.learn.link/content/670d37b24024c10011626c05
13/04/2026,Monday,16,14:30,15:30,Pencil 101,Pencil,Live Workshop,Tech L&D,Enrique,EMEA;UK;LATAM;NA-Eastern,English,Creative,Scheduled,Training Session,,In this Pencil 101 session we will walk you through a high level overview of Pencil and it's features and benefits.,Yes,Pencil Program,,https://insidersacademy.learn.link/content/670d37b24024c10011626c05
14/04/2026,Tuesday,16,9:30,11:00,Pencil Generating Creatives in Bulk,Pencil,Live Workshop,Tech L&D,Enrique,APAC;EMEA;UK,English,Creative,Scheduled,Training Session,,"Master the art of generating great ads in bulk! We will show you how to create ads and gather key insights on their performance. Pencil’s feed variation tool will empower you to generate bulk creatives in various styles and translations, closely tailored to diverse needs and hyper localised, meaning you can save time and maximise efficiency.",Yes,Pencil Program,,https://insidersacademy.learn.link/content/670d37b24024c10011626c05
14/04/2026,Tuesday,16,14:30,16:00,Pencil Copy and Strategy,Pencil,Live Workshop,Tech L&D,Enrique,EMEA;UK;LATAM;NA-Eastern,English,Creative,Scheduled,Training Session,,The key to a good marketing campaign is a clear strategy.  This course explores the essential techniques for generating strategy and content to enhance your marketing efforts. Learn how to utilise LLMs to produce copy in multiple languages and explore text analysis tools to refine your content,Yes,Pencil Program,,https://insidersacademy.learn.link/content/670d37b24024c10011626c05
15/04/2026,Wednesday,16,8:00,9:00,AI Office Hours,Gen AI,Office Hours,Tech L&D,Enrique,APAC;EMEA,English,All Staff,Scheduled,Training Session,,Have you completed your Gen AI training but need some additional support? Come along to one of our weekly AI Office hours and we can help you overcome your AI challenges in Pencil or the Sandbox. ,Yes,AI Office Hours,,https://insidersacademy.learn.link/content/6942f2a7f5b36a690440ac3c
15/04/2026,Wednesday,16,14:00,15:00,AI Office Hours,Gen AI,Office Hours,Tech L&D,Enrique,EMEA;UK;LATAM,English,All Staff,Scheduled,Training Session,,Have you completed your Gen AI training but need some additional support? Come along to one of our weekly AI Office hours and we can help you overcome your AI challenges in Pencil or the Sandbox. ,Yes,AI Office Hours,,https://insidersacademy.learn.link/content/6942f2a7f5b36a690440ac3c
15/04/2026,Wednesday,16,17:00,18:00,AI Office Hours,Gen AI,Office Hours,Tech L&D,Enrique,LATAM;NA-Eastern,English,All Staff,Scheduled,Training Session,,Have you completed your Gen AI training but need some additional support? Come along to one of our weekly AI Office hours and we can help you overcome your AI challenges in Pencil or the Sandbox. ,Yes,AI Office Hours,,https://insidersacademy.learn.link/content/6942f2a7f5b36a690440ac3c
16/04/2026,Thursday,16,14:30,16:00,Pencil Image Generation,Pencil,Live Workshop,Tech L&D,Enrique,EMEA;UK;LATAM;NA-Eastern,English,Creative,Scheduled,Training Session,,Master the art of creating effective prompts for image generation! Discover how to craft detailed prompts and delve into various image generation models. Amend prompts with ease and utilise Pencilï¿½s editing tools to ensure assets meet design briefs and accelerate your campaign.,Yes,Pencil Program,,https://insidersacademy.learn.link/content/670d37b24024c10011626c05
17/04/2026,Friday,16,14:30,16:00,Pencil Video Generation,Pencil,Live Workshop,Tech L&D,Enrique,EMEA;UK;LATAM;NA-Eastern,English,Creative,Scheduled,Training Session,,"Pencil’s image-to-video tool is here and you can become an expert in prompting and crafting incredible motion outputs. In this session, you’ll learn how to select the best image to generate from, prompt like a wizard and produce great videos in minutes!?",Yes,Pencil Program,,https://insidersacademy.learn.link/content/670d37b24024c10011626c05
20/04/2026,Monday,17,14:30,16:00,Pencil Building and Using Templates,Pencil,Live Workshop,Tech L&D,Enrique,EMEA;UK;LATAM;NA-Eastern,English,Creative,Scheduled,Training Session,,"Explore how to create and edit templates using text, images, music, animations, and brand assets. This course will help you to streamline your creative process and generate dynamic content efficiently and quickly. Get producing high-quality, multi-format creatives that perfectly match your brand.ï¿½",Yes,Pencil Program,,https://insidersacademy.learn.link/content/670d37b24024c10011626c05
20/04/2026,Monday,17,13:30,15:00,Text Prompting for Project Managers,Gen AI,Live Workshop,Tech L&D,Enrique,APAC;EMEA,English,AM's and PM's,Scheduled,Training Session,,"This interactive, instructor-led session provides real-time, hands-on experience in crafting effective text prompts for generating timing plans, risk logs, and meeting notes, among other tasks. Join us live and take the first step towards accelerating your performance!",No,,,https://insidersacademy.learn.link/content/6842efc8ab2983428de4199e
20/04/2026,Monday,17,18:00,19:30,Prompting for Video Generation,Pencil,Live Workshop,Pencil,Vanessa,LATAM;NA-Eastern; NA-Pacific,English,Creative,Scheduled,Training Session,,"Pencil’s image-to-video tool is here and you can become an expert in prompting and crafting incredible motion outputs. In this session, you’ll learn how to select the best image to generate from, prompt like a wizard and produce great videos in minutes!?",Yes,Pencil Program,,https://insidersacademy.learn.link/content/670d37b24024c10011626c05
21/04/2026,Tuesday,17,14:30,16:00,Pencil Generating Creatives in Bulk,Pencil,Live Workshop,Tech L&D,Enrique,EMEA;UK;LATAM;NA-Eastern,English,Creative,Scheduled,Training Session,,"Master the art of generating great ads in bulk! We will show you how to create ads and gather key insights on their performance. Pencil’s feed variation tool will empower you to generate bulk creatives in various styles and translations, closely tailored to diverse needs and hyper localised, meaning you can save time and maximise efficiency.",Yes,Pencil Program,,https://insidersacademy.learn.link/content/670d37b24024c10011626c05
22/04/2026,Wednesday,17,8:00,9:00,AI Office Hours,Gen AI,Office Hours,Tech L&D,Enrique,APAC;EMEA,English,All Staff,Scheduled,Training Session,,Have you completed your Gen AI training but need some additional support? Come along to one of our weekly AI Office hours and we can help you overcome your AI challenges in Pencil or the Sandbox. ,Yes,AI Office Hours,,https://insidersacademy.learn.link/content/6942f2a7f5b36a690440ac3c
22/04/2026,Wednesday,17,14:00,15:00,Text Prompting for Project Managers,Gen AI,Live Workshop,Tech L&D,Enrique,EMEA;UK;LATAM,English,AM's and PM's,Scheduled,Training Session,,"This interactive, instructor-led session provides real-time, hands-on experience in crafting effective text prompts for generating timing plans, risk logs, and meeting notes, among other tasks. Join us live and take the first step towards accelerating your performance!",Yes,,,https://insidersacademy.learn.link/content/6842efc8ab2983428de4199e
22/04/2026,Wednesday,17,8:00,18:00,AI Office Hours,Gen AI,Office Hours,Tech L&D,Enrique,EMEA:APAC,English,All Staff,Scheduled,Training Session,,Have you completed your Gen AI training but need some additional support? Come along to one of our weekly AI Office hours and we can help you overcome your AI challenges in Pencil or the Sandbox. ,Yes,AI Office Hours,,https://insidersacademy.learn.link/content/6942f2a7f5b36a690440ac3c
22/04/2026,Wednesday,17,17:00,18:00,AI Office Hours,Gen AI,Office Hours,Tech L&D,Enrique,LATAM;NA-Eastern,English,All Staff,Scheduled,Training Session,,Have you completed your Gen AI training but need some additional support? Come along to one of our weekly AI Office hours and we can help you overcome your AI challenges in Pencil or the Sandbox. ,Yes,AI Office Hours,,https://insidersacademy.learn.link/content/6942f2a7f5b36a690440ac3c
22/04/2026,Wednesday,17,18:00,19:30,Pencil Generating Creatives in Bulk,Pencil,Live Workshop,Pencil,Vanessa,LATAM;NA-Eastern;NA-Pacific,English,Creative,Scheduled,Training Session,,"Master the art of generating great ads in bulk! We will show you how to create ads and gather key insights on their performance. Pencil’s feed variation tool will empower you to generate bulk creatives in various styles and translations, closely tailored to diverse needs and hyper localised, meaning you can save time and maximise efficiency.",Yes,Pencil Program,,https://insidersacademy.learn.link/content/670d37b24024c10011626c05
23/04/2026,Thursday,17,8:00,9:30,Text Prompting for Social,Gen AI,Live Workshop,Tech L&D,Enrique,APAC;EMEA,English,Social,Scheduled,Training Session,,"This interactive instructor-led session offers real-time, hands-on experience in crafting powerful text prompts to generate high-impact social media posts, captions, and campaign ideas. Join us live and learn how to harness AIï¿½s creativity to elevate your brandï¿½s online presence!",No,,,https://insidersacademy.learn.link/content/68eeafdd1521d2391f057aac
23/04/2026,Thursday,17,13:30,15:00,Text Prompting for Social,Gen AI,Live Workshop,Tech L&D,Enrique,UK;EMEA;LATAM,English,Social,Scheduled,Training Session,,"This interactive instructor-led session offers real-time, hands-on experience in crafting powerful text prompts to generate high-impact social media posts, captions, and campaign ideas. Join us live and learn how to harness AIï¿½s creativity to elevate your brandï¿½s online presence!",No,,,https://insidersacademy.learn.link/content/68eeafdd1521d2391f057aac
24/04/2026,Friday,17,,,,,,,,,,,,,,,,,,
27/04/2026,Monday,18,,,Freedom Day - South Africa,,,,,,,,,Public Holiday,Freedom Day - South Africa,,No,,,
1/5/26,Friday,18,,,Workers Day - South Africa,,,,,,,,,Public Holiday,Workers Day - South Africa,,No,,,
4/5/26,Monday,19,,,UK Bank Holiday,,,,,,,,,Public Holiday,UK Bank Holiday,,No,,,
5/5/26,Tuesday,19,9:00,10:00,Pencil 101,Pencil,Live Workshop,Tech L&D,Enrique,APAC;EMEA;UK,English,Creative,Scheduled,Training Session,,In this Pencil 101 session we will walk you through a high level overview of Pencil and it's features and benefits.,Yes,Pencil Program,,https://insidersacademy.learn.link/content/670d37b24024c10011626c05
5/5/26,Tuesday,19,14:00,15:00,Pencil 101,Pencil,Live Workshop,Tech L&D,Enrique,APAC;EMEA;UK,English,Creative,Scheduled,Training Session,,In this Pencil 101 session we will walk you through a high level overview of Pencil and it's features and benefits.,Yes,Pencil Program,,https://insidersacademy.learn.link/content/670d37b24024c10011626c05
8/5/26,Wednesday,19,8:00,9:00,AI Office Hours,Gen AI,Office Hours,Tech L&D,Enrique,APAC;EMEA,English,All Staff,Scheduled,Training Session,,Have you completed your Gen AI training but need some additional support? Come along to one of our weekly AI Office hours and we can help you overcome your AI challenges in Pencil or the Sandbox. ,Yes,AI Office Hours,,https://insidersacademy.learn.link/content/6942f2a7f5b36a690440ac3c
8/5/26,Wednesday,19,14:00,15:00,AI Office Hours,Gen AI,Office Hours,Tech L&D,Enrique,EMEA;UK;LATAM,English,All Staff,Scheduled,Training Session,,Have you completed your Gen AI training but need some additional support? Come along to one of our weekly AI Office hours and we can help you overcome your AI challenges in Pencil or the Sandbox. ,Yes,AI Office Hours,,https://insidersacademy.learn.link/content/6942f2a7f5b36a690440ac3c
7/5/26,Thursday,19,18:00,19:30,Pencil Image Generation,Pencil,Live Workshop,Pencil,Vanessa,LATAM;NA-Eastern;NA-Pacific,Brazilian Portuguese,Creative,Scheduled,Training Session,,Master the art of creating effective prompts for image generation! Discover how to craft detailed prompts and delve into various image generation models. Amend prompts with ease and utilise Pencilï¿½s editing tools to ensure assets meet design briefs and accelerate your campaign.,Yes,Pencil Program,,https://insidersacademy.learn.link/content/670d37b24024c10011626c05
6/5/26,Wednesday,19,9:00,10:30,Pencil Copy and Strategy,Pencil,Live Workshop,Tech L&D,Enrique,APAC;EMEA;UK,English,Creative,Scheduled,Training Session,,The key to a good marketing campaign is a clear strategy.  This course explores the essential techniques for generating strategy and content to enhance your marketing efforts. Learn how to utilise LLMs to produce copy in multiple languages and explore text analysis tools to refine your content,Yes,Pencil Program,,https://insidersacademy.learn.link/content/670d37b24024c10011626c05
6/5/26,Wednesday,19,14:00,15:30,Pencil Copy and Strategy,Pencil,Live Workshop,Tech L&D,Enrique,APAC;EMEA;UK,English,Creative,Scheduled,Training Session,,The key to a good marketing campaign is a clear strategy.  This course explores the essential techniques for generating strategy and content to enhance your marketing efforts. Learn how to utilise LLMs to produce copy in multiple languages and explore text analysis tools to refine your content,Yes,Pencil Program,,https://insidersacademy.learn.link/content/670d37b24024c10011626c05
7/5/26,Thursday,19,9:00,10:30,Pencil Image Generation,Pencil,Live Workshop,Tech L&D,Enrique,APAC;EMEA;UK,English,Creative,Scheduled,Training Session,,Master the art of creating effective prompts for image generation! Discover how to craft detailed prompts and delve into various image generation models. Amend prompts with ease and utilise Pencilï¿½s editing tools to ensure assets meet design briefs and accelerate your campaign.,Yes,Pencil Program,,https://insidersacademy.learn.link/content/670d37b24024c10011626c05
7/5/26,Thursday,19,14:00,15:30,Pencil Image Generation,Pencil,Live Workshop,Tech L&D,Enrique,APAC;EMEA;UK,English,Creative,Scheduled,Training Session,,Master the art of creating effective prompts for image generation! Discover how to craft detailed prompts and delve into various image generation models. Amend prompts with ease and utilise Pencilï¿½s editing tools to ensure assets meet design briefs and accelerate your campaign.,Yes,Pencil Program,,https://insidersacademy.learn.link/content/670d37b24024c10011626c05
12/5/26,Monday,20,19:00,20:00,Pencil 101,Pencil,Live Workshop,Pencil,Vanessa,LATAM;NA-Eastern;NA-Pacific,Brazilian Portuguese,Creative,Scheduled,Training Session,,"Explore how to create and edit templates using text, images, music, animations, and brand assets. This course will help you to streamline your creative process and generate dynamic content efficiently and quickly. Get producing high-quality, multi-format creatives that perfectly match your brand.ï¿½",Yes,Pencil Program,,https://insidersacademy.learn.link/content/670d37b24024c10011626c05
11/5/26,Monday,20,9:00,10:30,Pencil Video Generation,Pencil,Live Workshop,Tech L&D,Enrique,APAC;EMEA;UK,English,Creative,Scheduled,Training Session,,"Pencil’s image-to-video tool is here and you can become an expert in prompting and crafting incredible motion outputs. In this session, you’ll learn how to select the best image to generate from, prompt like a wizard and produce great videos in minutes!?",Yes,Pencil Program,,https://insidersacademy.learn.link/content/670d37b24024c10011626c05
11/5/26,Monday,20,14:00,15:30,Pencil Video Generation,Pencil,Live Workshop,Tech L&D,Enrique,LATAM;NA-Eastern;NA-Pacific,English,Creative,Scheduled,Training Session,,"Pencil’s image-to-video tool is here and you can become an expert in prompting and crafting incredible motion outputs. In this session, you’ll learn how to select the best image to generate from, prompt like a wizard and produce great videos in minutes!?",Yes,Pencil Program,,https://insidersacademy.learn.link/content/670d37b24024c10011626c05
12/5/26,Tuesday,20,9:00,10:30,Pencil Building and Using Templates,Pencil,Live Workshop,Tech L&D,Enrique,APAC;EMEA;UK,English,Creative,Scheduled,Training Session,,"Explore how to create and edit templates using text, images, music, animations, and brand assets. This course will help you to streamline your creative process and generate dynamic content efficiently and quickly. Get producing high-quality, multi-format creatives that perfectly match your brand.ï¿½",Yes,Pencil Program,,https://insidersacademy.learn.link/content/670d37b24024c10011626c05
12/5/26,Tuesday,20,14:00,15:30,Pencil Building and Using Templates,Pencil,Live Workshop,Tech L&D,Enrique,LATAM;NA-Eastern;NA-Pacific,English,Creative,Scheduled,Training Session,,"Explore how to create and edit templates using text, images, music, animations, and brand assets. This course will help you to streamline your creative process and generate dynamic content efficiently and quickly. Get producing high-quality, multi-format creatives that perfectly match your brand.ï¿½",Yes,Pencil Program,,https://insidersacademy.learn.link/content/670d37b24024c10011626c05
13/05/2026,Wednesday,20,9:00,10:30,Pencil Generating Creatives in Bulk,Pencil,Live Workshop,Tech L&D,Enrique,APAC;EMEA;UK,English,Creative,Scheduled,Training Session,,"Master the art of generating great ads in bulk! We will show you how to create ads and gather key insights on their performance. Pencil’s feed variation tool will empower you to generate bulk creatives in various styles and translations, closely tailored to diverse needs and hyper localised, meaning you can save time and maximise efficiency.",Yes,Pencil Program,,https://insidersacademy.learn.link/content/670d37b24024c10011626c05
13/05/2026,Wednesday,20,14:00,15:30,Pencil Generating Creatives in Bulk,Pencil,Live Workshop,Tech L&D,Enrique,LATAM;NA-Eastern;NA-Pacific,English,Creative,Scheduled,Training Session,,"Master the art of generating great ads in bulk! We will show you how to create ads and gather key insights on their performance. Pencil’s feed variation tool will empower you to generate bulk creatives in various styles and translations, closely tailored to diverse needs and hyper localised, meaning you can save time and maximise efficiency.",Yes,Pencil Program,,https://insidersacademy.learn.link/content/670d37b24024c10011626c05
15/05/2026,Friday,20,9:00,10:00,AI Office Hours,Gen AI,Office Hours,Tech L&D,Enrique,LATAM;NA-Eastern,English,All Staff,Scheduled,Training Session,,Have you completed your Gen AI training but need some additional support? Come along to one of our weekly AI Office hours and we can help you overcome your AI challenges in Pencil or the Sandbox. ,Yes,AI Office Hours,,https://insidersacademy.learn.link/content/6942f2a7f5b36a690440ac3c
15/05/2026,Friday,20,14:00,15:00,AI Office Hours,Gen AI,Office Hours,Tech L&D,Enrique,EMEA;UK;LATAM;NA-Eastern,English,All Staff,Scheduled,Training Session,,Have you completed your Gen AI training but need some additional support? Come along to one of our weekly AI Office hours and we can help you overcome your AI challenges in Pencil or the Sandbox. ,Yes,AI Office Hours,,https://insidersacademy.learn.link/content/6942f2a7f5b36a690440ac3c
15/05/2026,Friday,20,19:00,20:30,Pencil Copy and Strategy,Pencil,Live Workshop,Pencil,Vanessa,LATAM;NA-Eastern;NA-Pacific,Brazilian Portuguese,Creative,Scheduled,Training Session,,The key to a good marketing campaign is a clear strategy.  This course explores the essential techniques for generating strategy and content to enhance your marketing efforts. Learn how to utilise LLMs to produce copy in multiple languages and explore text analysis tools to refine your content,Yes,Pencil Program,,https://insidersacademy.learn.link/content/670d37b24024c10011626c05
18/05/2026,Monday,21,9:30,11:00,The Basics of Image Prompting,Gen AI,Live Workshop,Tech L&D,Enrique,APAC;EMEA,English,All Staff,Completed,Training Session,,"This course will guide you from the basics of creating simple prompts to advanced techniques for crafting detailed and specific prompts that produce high-quality images. You'll learn to use AI for various purposes, including artistic creations and professional designs.",No,,,https://insidersacademy.learn.link/content/66bcb465e6a165001115a2da
18/05/2026,Monday,21,14:00,15:30,The Basics of Image Prompting,Gen AI,Live Workshop,Tech L&D,Enrique,LATAM;NA-Eastern,English,All Staff,Completed,Training Session,,"This course will guide you from the basics of creating simple prompts to advanced techniques for crafting detailed and specific prompts that produce high-quality images. You'll learn to use AI for various purposes, including artistic creations and professional designs.",No,,,https://insidersacademy.learn.link/content/66bcb465e6a165001115a2da
19/05/2026,Tuesday,21,9:30,11:00,Text Prompting for Beginners,Gen AI,Live Workshop,Tech L&D,Enrique,APAC;EMEA,English,All Staff,Completed,Training Session,,"This interactive course provides real time, hands-on experience in crafting effective text prompts for storytelling, copywriting, and idea generation. Join us live and take the first step towards becoming a master of text prompting!",No,,,https://insidersacademy.learn.link/content/66d9a6a89c22af00110e8677
19/05/2026,Tuesday,21,14:00,15:30,Text Prompting for Beginners,Gen AI,Live Workshop,Tech L&D,Enrique,LATAM;NA-Eastern,English,All Staff,Completed,Training Session,,"This interactive course provides real time, hands-on experience in crafting effective text prompts for storytelling, copywriting, and idea generation. Join us live and take the first step towards becoming a master of text prompting!",No,,,https://insidersacademy.learn.link/content/66d9a6a89c22af00110e8677
20/05/2026,Wednesday,21,9:30,11:00,Creating AI Agents in the Sandbox,Gen AI,Live Workshop,Tech L&D,Enrique,APAC;EMEA,English,All Staff,Completed,Training Session,,Don't miss this unique opportunity to learn how to build your own AI assistants that can automate repetitive tasks and enhance your creative workflow. Join us on this AI journey and transform the way you work! ,No,,,https://insidersacademy.learn.link/content/6852b0b6fd28feefe4c9a64b
20/05/2026,Wednesday,21,14:00,15:30,Creating AI Agents in the Sandbox,Gen AI,Live Workshop,Tech L&D,Enrique,LATAM;NA-Eastern,English,All Staff,Completed,Training Session,,Don't miss this unique opportunity to learn how to build your own AI assistants that can automate repetitive tasks and enhance your creative workflow. Join us on this AI journey and transform the way you work! ,No,,,https://insidersacademy.learn.link/content/6852b0b6fd28feefe4c9a64b
21/05/2026,Thursday,21,9:30,11:00,Text Prompting for Social,Gen AI,Live Workshop,Tech L&D,Enrique,APAC;EMEA,English,Social,Completed,Training Session,,"This interactive instructor-led session offers real-time, hands-on experience in crafting powerful text prompts to generate high-impact social media posts, captions, and campaign ideas. Join us live and learn how to harness AIï¿½s creativity to elevate your brandï¿½s online presence!",No,,,https://insidersacademy.learn.link/content/68eeafdd1521d2391f057aac
21/05/2026,Thursday,21,14:00,15:30,Text Prompting for Social,Gen AI,Live Workshop,Tech L&D,Enrique,LATAM;UK;NA-Eastern,English,Social,Completed,Training Session,,"This interactive instructor-led session offers real-time, hands-on experience in crafting powerful text prompts to generate high-impact social media posts, captions, and campaign ideas. Join us live and learn how to harness AIï¿½s creativity to elevate your brandï¿½s online presence!",No,,,https://insidersacademy.learn.link/content/68eeafdd1521d2391f057aac
22/05/2026,Friday,21,8:00,9:00,AI Office Hours,Gen AI,Office Hours,Tech L&D,Enrique,APAC;EMEA,English,All Staff,Scheduled,Training Session,,Have you completed your Gen AI training but need some additional support? Come along to one of our weekly AI Office hours and we can help you overcome your AI challenges in Pencil or the Sandbox. ,Yes,AI Office Hours,,https://insidersacademy.learn.link/content/6942f2a7f5b36a690440ac3c
22/05/2026,Friday,21,14:00,15:00,AI Office Hours,Gen AI,Office Hours,Tech L&D,Enrique,LATAM;NA-Eastern,English,All Staff,Scheduled,Training Session,,Have you completed your Gen AI training but need some additional support? Come along to one of our weekly AI Office hours and we can help you overcome your AI challenges in Pencil or the Sandbox. ,Yes,AI Office Hours,,https://insidersacademy.learn.link/content/6942f2a7f5b36a690440ac3c
25/05/2026,Monday,22,,,UK Bank Holiday,,,,,,,,,Public Holiday,UK Bank Holiday,,No,,,
25/05/2026,Monday,22,19:00,20:30,Pencil Building and Using Templates,Pencil,Live Workshop,Pencil,Vanessa,LATAM;NA-Eastern;NA-Pacific,Brazilian Portuguese,Creative,Scheduled,Training Session,,"Explore how to create and edit templates using text, images, music, animations, and brand assets. This course will help you to streamline your creative process and generate dynamic content efficiently and quickly. Get producing high-quality, multi-format creatives that perfectly match your brand.ï¿½",Yes,Pencil Program,,https://insidersacademy.learn.link/content/670d37b24024c10011626c05
29/05/2026,Friday,22,8:00,9:00,AI Office Hours,Gen AI,Office Hours,Tech L&D,Enrique,APAC;EMEA,English,All Staff,Scheduled,Training Session,,Have you completed your Gen AI training but need some additional support? Come along to one of our weekly AI Office hours and we can help you overcome your AI challenges in Pencil or the Sandbox. ,Yes,AI Office Hours,,https://insidersacademy.learn.link/content/6942f2a7f5b36a690440ac3c
29/05/2026,Friday,22,17:00,18:00,AI Office Hours,Gen AI,Office Hours,Tech L&D,Enrique,LATAM;NA-Eastern,English,All Staff,Scheduled,Training Session,,Have you completed your Gen AI training but need some additional support? Come along to one of our weekly AI Office hours and we can help you overcome your AI challenges in Pencil or the Sandbox. ,Yes,AI Office Hours,,https://insidersacademy.learn.link/content/6942f2a7f5b36a690440ac3c
26/05/2026,Tuesday,22,14:00,15:30,Text Prompting for Project Managers,Gen AI,Live Workshop,Tech L&D,Enrique,APAC;EMEA,English,AM's and PM's,Completed,Training Session,,"This interactive, instructor-led session provides real-time, hands-on experience in crafting effective text prompts for generating timing plans, risk logs, and meeting notes, among other tasks. Join us live and take the first step towards accelerating your performance!",No,,,https://insidersacademy.learn.link/content/6842efc8ab2983428de4199e
26/05/2026,Tuesday,22,9:00,11:00,Text Prompting for Project Managers,Gen AI,Live Workshop,Tech L&D,Enrique,APAC;EMEA,English,AM's and PM's,Completed,Training Session,,"This interactive, instructor-led session provides real-time, hands-on experience in crafting effective text prompts for generating timing plans, risk logs, and meeting notes, among other tasks. Join us live and take the first step towards accelerating your performance!",No,,,https://insidersacademy.learn.link/content/6842efc8ab2983428de4199e
27/05/2026,Wednesday,22,9:00,10:00,Pencil 101,Pencil,Live Workshop,Pencil,Enrique,APAC;EMEA,English,Creative,Scheduled,Training Session,,In this Pencil 101 session we will walk you through a high level overview of Pencil and it's features and benefits.,Yes,Pencil Program,,https://insidersacademy.learn.link/content/670d37b24024c10011626c05
27/05/2026,Wednesday,22,14:00,15:00,Pencil 101,Pencil,Live Workshop,Pencil,Enrique,LATAM;NA-Eastern;NA-Pacific,English,Creative,Scheduled,Training Session,,In this Pencil 101 session we will walk you through a high level overview of Pencil and it's features and benefits.,Yes,Pencil Program,,https://insidersacademy.learn.link/content/670d37b24024c10011626c05
27/05/2026,Wednesday,22,19:00,20:30,Pencil Generating Creatives in Bulk,Pencil,Live Workshop,Pencil,Vanessa,LATAM;NA-Eastern;NA-Pacific,Brazilian Portuguese,Creative,Scheduled,Training Session,,"Master the art of generating great ads in bulk! We will show you how to create ads and gather key insights on their performance. Pencil’s feed variation tool will empower you to generate bulk creatives in various styles and translations, closely tailored to diverse needs and hyper localised, meaning you can save time and maximise efficiency.",Yes,Pencil Program,,https://insidersacademy.learn.link/content/670d37b24024c10011626c05
28/05/2026,Thursday,22,9:00,10:30,Pencil Copy and Strategy,Pencil,Live Workshop,Pencil,Enrique,APAC;EMEA,English,Creative,Scheduled,Training Session,,The key to a good marketing campaign is a clear strategy.  This course explores the essential techniques for generating strategy and content to enhance your marketing efforts. Learn how to utilise LLMs to produce copy in multiple languages and explore text analysis tools to refine your content,Yes,Pencil Program,,https://insidersacademy.learn.link/content/670d37b24024c10011626c05
28/05/2026,Thursday,22,14:00,15:30,Pencil Copy and Strategy,Pencil,Live Workshop,Pencil,Enrique,LATAM;NA-Eastern;NA-Pacific,English,Creative,Scheduled,Training Session,,The key to a good marketing campaign is a clear strategy.  This course explores the essential techniques for generating strategy and content to enhance your marketing efforts. Learn how to utilise LLMs to produce copy in multiple languages and explore text analysis tools to refine your content,Yes,Pencil Program,,https://insidersacademy.learn.link/content/670d37b24024c10011626c05
1/6/26,Monday,23,18:00,19:00,Pencil 101,Pencil,Live Workshop,Pencil,Vanessa,LATAM;NA-Eastern;NA-Pacific,English,Creative,Scheduled,Training Session,,In this Pencil 101 session we will walk you through a high level overview of Pencil and it's features and benefits.,Yes,Pencil Program,,https://insidersacademy.learn.link/content/670d37b24024c10011626c05
1/6/26,Monday,23,9:00,10:30,Pencil Image Generation,Pencil,Live Workshop,Tech L&D,Enrique,APAC;EMEA;UK,English,Creative,Scheduled,Training Session,,Master the art of creating effective prompts for image generation! Discover how to craft detailed prompts and delve into various image generation models. Amend prompts with ease and utilise Pencilï¿½s editing tools to ensure assets meet design briefs and accelerate your campaign.,Yes,Pencil Program,,https://insidersacademy.learn.link/content/670d37b24024c10011626c05
1/6/26,Monday,23,14:00,15:30,Pencil Image Generation,Pencil,Live Workshop,Tech L&D,Enrique,LATAM;NA-Eastern;NA-Pacific,English,Creative,Scheduled,Training Session,,Master the art of creating effective prompts for image generation! Discover how to craft detailed prompts and delve into various image generation models. Amend prompts with ease and utilise Pencilï¿½s editing tools to ensure assets meet design briefs and accelerate your campaign.,Yes,Pencil Program,,https://insidersacademy.learn.link/content/670d37b24024c10011626c05
2/6/26,Tuesday,23,9:00,10:30,Pencil Video Generation,Pencil,Live Workshop,Tech L&D,Enrique,APAC;EMEA;UK,English,Creative,Scheduled,Training Session,,"Pencil’s image-to-video tool is here and you can become an expert in prompting and crafting incredible motion outputs. In this session, you’ll learn how to select the best image to generate from, prompt like a wizard and produce great videos in minutes!?",Yes,Pencil Program,,https://insidersacademy.learn.link/content/670d37b24024c10011626c05
2/6/26,Tuesday,23,14:00,15:30,Pencil Video Generation,Pencil,Live Workshop,Tech L&D,Enrique,LATAM;NA-Eastern;NA-Pacific,English,Creative,Scheduled,Training Session,,"Pencil’s image-to-video tool is here and you can become an expert in prompting and crafting incredible motion outputs. In this session, you’ll learn how to select the best image to generate from, prompt like a wizard and produce great videos in minutes!?",Yes,Pencil Program,,https://insidersacademy.learn.link/content/670d37b24024c10011626c05
3/6/26,Wednesday,23,9:00,10:30,Pencil Building and Using Templates,Pencil,Live Workshop,Tech L&D,Enrique,APAC;EMEA;UK,English,Creative,Scheduled,Training Session,,"Explore how to create and edit templates using text, images, music, animations, and brand assets. This course will help you to streamline your creative process and generate dynamic content efficiently and quickly. Get producing high-quality, multi-format creatives that perfectly match your brand.ï¿½",Yes,Pencil Program,,https://insidersacademy.learn.link/content/670d37b24024c10011626c05
3/6/26,Wednesday,23,14:00,15:30,Pencil Building and Using Templates,Pencil,Live Workshop,Tech L&D,Enrique,LATAM;NA-Eastern;NA-Pacific,English,Creative,Scheduled,Training Session,,"Explore how to create and edit templates using text, images, music, animations, and brand assets. This course will help you to streamline your creative process and generate dynamic content efficiently and quickly. Get producing high-quality, multi-format creatives that perfectly match your brand.ï¿½",Yes,Pencil Program,,https://insidersacademy.learn.link/content/670d37b24024c10011626c05
3/6/26,Wednesday,23,18:00,19:30,Pencil Copy and Strategy,Pencil,Live Workshop,Pencil,Vanessa,LATAM;NA-Eastern;NA-Pacific,Brazilian Portuguese,Creative,Scheduled,Training Session,,The key to a good marketing campaign is a clear strategy.  This course explores the essential techniques for generating strategy and content to enhance your marketing efforts. Learn how to utilise LLMs to produce copy in multiple languages and explore text analysis tools to refine your content,Yes,Pencil Program,,https://insidersacademy.learn.link/content/6942f2a7f5b36a690440ac3c
4/6/26,Thursday,23,18:00,19:30,Pencil Image Generation,Pencil,Live Workshop,Pencil,Vanessa,LATAM;NA-Eastern;NA-Pacific,Brazilian Portuguese,Creative,Scheduled,Training Session,,Master the art of creating effective prompts for image generation! Discover how to craft detailed prompts and delve into various image generation models. Amend prompts with ease and utilise Pencilï¿½s editing tools to ensure assets meet design briefs and accelerate your campaign.,Yes,Pencil Program,,https://insidersacademy.learn.link/content/670d37b24024c10011626c05
4/6/26,Thursday,23,9:00,10:30,Pencil Generating Creatives in Bulk,Pencil,Live Workshop,Tech L&D,Enrique,APAC;EMEA;UK,English,Creative,Scheduled,Training Session,,"Master the art of generating great ads in bulk! We will show you how to create ads and gather key insights on their performance. Pencil’s feed variation tool will empower you to generate bulk creatives in various styles and translations, closely tailored to diverse needs and hyper localised, meaning you can save time and maximise efficiency.",Yes,Pencil Program,,https://insidersacademy.learn.link/content/6942f2a7f5b36a690440ac3c
4/6/26,Thursday,23,14:00,15:30,Pencil Generating Creatives in Bulk,Pencil,Live Workshop,Tech L&D,Enrique,LATAM;NA-Eastern;NA-Pacific,English,Creative,Scheduled,Training Session,,"Master the art of generating great ads in bulk! We will show you how to create ads and gather key insights on their performance. Pencil’s feed variation tool will empower you to generate bulk creatives in various styles and translations, closely tailored to diverse needs and hyper localised, meaning you can save time and maximise efficiency.",Yes,Pencil Program,,https://insidersacademy.learn.link/content/6942f2a7f5b36a690440ac3c
4/6/26,Thursday,23,,,Public Holiday - Brazil,,,,,,,,,,,,,,,
5/6/26,Friday,23,8:00,9:00,AI Office Hours,Gen AI,Office Hours,Tech L&D,Enrique,APAC;EMEA,English,All Staff,Scheduled,Training Session,,Have you completed your Gen AI training but need some additional support? Come along to one of our weekly AI Office hours and we can help you overcome your AI challenges in Pencil or the Sandbox. ,Yes,AI Office Hours,,https://insidersacademy.learn.link/content/6942f2a7f5b36a690440ac3c
5/6/26,Friday,23,17:00,18:00,AI Office Hours,Gen AI,Office Hours,Tech L&D,Enrique,LATAM;NA-Eastern,English,All Staff,Scheduled,Training Session,,Have you completed your Gen AI training but need some additional support? Come along to one of our weekly AI Office hours and we can help you overcome your AI challenges in Pencil or the Sandbox. ,Yes,AI Office Hours,,https://insidersacademy.learn.link/content/6942f2a7f5b36a690440ac3c
5/6/26,Friday,23,18:00,19:30,Pencil Video Generation,Pencil,Live Workshop,Pencil,Vanessa,LATAM;NA-Eastern;NA-Pacific,English,Creative,Scheduled,Training Session,,"Pencil’s image-to-video tool is here and you can become an expert in prompting and crafting incredible motion outputs. In this session, you’ll learn how to select the best image to generate from, prompt like a wizard and produce great videos in minutes!?",Yes,Pencil Program,,https://insidersacademy.learn.link/content/670d37b24024c10011626c05
8/6/26,Monday,24,18:00,19:30,Pencil Building and Using Templates,Pencil,Live Workshop,Pencil,Vanessa,LATAM;NA-Eastern;NA-Pacific,Brazilian Portuguese,Creative,Scheduled,Training Session,,"Explore how to create and edit templates using text, images, music, animations, and brand assets. This course will help you to streamline your creative process and generate dynamic content efficiently and quickly. Get producing high-quality, multi-format creatives that perfectly match your brand.ï¿½",Yes,Pencil Program,,https://insidersacademy.learn.link/content/670d37b24024c10011626c05
9/6/26,Tuesday,24,18:00,19:30,Pencil Generating Creatives in Bulk,Pencil,Live Workshop,Pencil,Vanessa,LATAM;NA-Eastern;NA-Pacific,Brazilian Portuguese,Creative,Scheduled,Training Session,,"Master the art of generating great ads in bulk! We will show you how to create ads and gather key insights on their performance. Pencil’s feed variation tool will empower you to generate bulk creatives in various styles and translations, closely tailored to diverse needs and hyper localised, meaning you can save time and maximise efficiency.",Yes,Pencil Program,,https://insidersacademy.learn.link/content/670d37b24024c10011626c05
10/6/26,Wednesday,24,,,,,,,,,,,,,,,,,,
11/6/26,Thursday,24,,,,,,,,,,,,,,,,,,https://insidersacademy.learn.link/content/6942f2a7f5b36a690440ac3c
12/6/26,Friday,24,8:00,9:00,AI Office Hours,Gen AI,Office Hours,Tech L&D,Enrique,APAC;EMEA,English,All Staff,Scheduled,Training Session,,Have you completed your Gen AI training but need some additional support? Come along to one of our weekly AI Office hours and we can help you overcome your AI challenges in Pencil or the Sandbox. ,Yes,AI Office Hours,,https://insidersacademy.learn.link/content/6942f2a7f5b36a690440ac3c
12/6/26,Friday,24,17:00,18:00,AI Office Hours,Gen AI,Office Hours,Tech L&D,Enrique,LATAM;NA-Eastern,English,All Staff,Planned,Training Session,,Have you completed your Gen AI training but need some additional support? Come along to one of our weekly AI Office hours and we can help you overcome your AI challenges in Pencil or the Sandbox. ,Yes,AI Office Hours,,
15/06/2026,Monday,25,19:00,20:00,Pencil 101,Pencil,Live Workshop,Pencil,Vanessa,LATAM;NA-Eastern;NA-Pacific,English,Creative,Planned,Training Session,,In this Pencil 101 session we will walk you through a high level overview of Pencil and it's features and benefits.,Yes,Pencil Program,,
16/06/2026,Tuesday,25,19:00,20:30,Pencil Copy and Strategy,Pencil,Live Workshop,Pencil,Vanessa,LATAM;NA-Eastern;NA-Pacific,Brazilian Portuguese,Creative,Planned,Training Session,,The key to a good marketing campaign is a clear strategy.  This course explores the essential techniques for generating strategy and content to enhance your marketing efforts. Learn how to utilise LLMs to produce copy in multiple languages and explore text analysis tools to refine your content,Yes,Pencil Program,,
16/06/2026,Tuesday,25,,,Youth Day - South Africa ,,,,,,,,,Public Holiday,Youth Day - South Africa ,,No,,,https://insidersacademy.learn.link/content/6942f2a7f5b36a690440ac3c
17/06/2026,Wednesday,25,19:00,20:30,Pencil Image Generation,Pencil,Live Workshop,Pencil,Vanessa,LATAM;NA-Eastern;NA-Pacific,Brazilian Portuguese,Creative,Planned,Training Session,,Master the art of creating effective prompts for image generation! Discover how to craft detailed prompts and delve into various image generation models. Amend prompts with ease and utilise Pencilï¿½s editing tools to ensure assets meet design briefs and accelerate your campaign.,Yes,Pencil Program,,
18/06/2026,Thursday,25,19:00,20:30,Pencil Video Generation,Pencil,Live Workshop,Pencil,Vanessa,LATAM;NA-Eastern;NA-Pacific,English,Creative,Planned,Training Session,,"Pencil’s image-to-video tool is here and you can become an expert in prompting and crafting incredible motion outputs. In this session, you’ll learn how to select the best image to generate from, prompt like a wizard and produce great videos in minutes!?",Yes,Pencil Program,,
19/06/2026,Friday,25,19:00,20:30,Pencil Building and Using Templates,Pencil,Live Workshop,Pencil,Vanessa,LATAM;NA-Eastern;NA-Pacific,Brazilian Portuguese,Creative,Planned,Training Session,,"Explore how to create and edit templates using text, images, music, animations, and brand assets. This course will help you to streamline your creative process and generate dynamic content efficiently and quickly. Get producing high-quality, multi-format creatives that perfectly match your brand.ï¿½",Yes,Pencil Program,,
19/06/2026,Friday,25,8:00,9:00,AI Office Hours,Gen AI,Office Hours,Tech L&D,Enrique,APAC;EMEA,English,All Staff,Scheduled,Training Session,,Have you completed your Gen AI training but need some additional support? Come along to one of our weekly AI Office hours and we can help you overcome your AI challenges in Pencil or the Sandbox. ,Yes,AI Office Hours,,https://insidersacademy.learn.link/content/6942f2a7f5b36a690440ac3c
19/06/2026,Friday,25,17:00,18:00,AI Office Hours,Gen AI,Office Hours,Tech L&D,Enrique,LATAM;NA-Eastern,English,All Staff,Scheduled,Training Session,,Have you completed your Gen AI training but need some additional support? Come along to one of our weekly AI Office hours and we can help you overcome your AI challenges in Pencil or the Sandbox. ,Yes,AI Office Hours,,
22/06/2026,Monday,26,19:00,20:30,Pencil Generating Creatives in Bulk,Pencil,Live Workshop,Pencil,Vanessa,LATAM;NA-Eastern;NA-Pacific,Brazilian Portuguese,Creative,Scheduled,Training Session,,"Master the art of generating great ads in bulk! We will show you how to create ads and gather key insights on their performance. Pencil’s feed variation tool will empower you to generate bulk creatives in various styles and translations, closely tailored to diverse needs and hyper localised, meaning you can save time and maximise efficiency.",Yes,Pencil Program,,
23/06/2026,Tuesday,26,,,,,,,,,,,,,,,,,,
24/06/2026,Wednesday,26,,,,,,,,,,,,,,,,,,
24/06/2026,Wednesday,26,,,,,,,,,,,,,,,,,,
24/06/2026,Wednesday,26,,,,,,,,,,,,,,,,,,
25/06/2026,Thursday,26,,,,,,,,,,,,,,,,,,
26/06/2026,Friday,26,8:00,9:00,AI Office Hours,Gen AI,Office Hours,Tech L&D,Enrique,APAC;EMEA,English,All Staff,Planned,Training Session,,Have you completed your Gen AI training but need some additional support? Come along to one of our weekly AI Office hours and we can help you overcome your AI challenges in Pencil or the Sandbox. ,Yes,AI Office Hours,,https://insidersacademy.learn.link/content/6942f2a7f5b36a690440ac3c
26/06/2026,Friday,26,17:00,18:00,AI Office Hours,Gen AI,Office Hours,Tech L&D,Enrique,LATAM;NA-Eastern,English,All Staff,Planned,Training Session,,Have you completed your Gen AI training but need some additional support? Come along to one of our weekly AI Office hours and we can help you overcome your AI challenges in Pencil or the Sandbox. ,Yes,AI Office Hours,,https://insidersacademy.learn.link/content/670d37b24024c10011626c05
29/06/2026,Monday,27,18:00,19:00,Pencil 101,Pencil,Live Workshop,Pencil,Vanessa,LATAM;NA-Eastern;NA-Pacific,English,Creative,Planned,Training Session,,In this Pencil 101 session we will walk you through a high level overview of Pencil and it's features and benefits.,Yes,Pencil Program,,https://insidersacademy.learn.link/content/670d37b24024c10011626c05
30/06/2026,Tuesday,27,18:00,19:30,Pencil Copy and Strategy,Pencil,Live Workshop,Pencil,Vanessa,LATAM;NA-Eastern;NA-Pacific,Brazilian Portuguese,Creative,Planned,Training Session,,The key to a good marketing campaign is a clear strategy.  This course explores the essential techniques for generating strategy and content to enhance your marketing efforts. Learn how to utilise LLMs to produce copy in multiple languages and explore text analysis tools to refine your content,Yes,Pencil Program,,https://insidersacademy.learn.link/content/6942f2a7f5b36a690440ac3c
1/7/26,Wednesday,27,18:00,19:30,Pencil Image Generation,Pencil,Live Workshop,Pencil,Vanessa,LATAM;NA-Eastern;NA-Pacific,Brazilian Portuguese,Creative,Planned,Training Session,,Master the art of creating effective prompts for image generation! Discover how to craft detailed prompts and delve into various image generation models. Amend prompts with ease and utilise Pencilï¿½s editing tools to ensure assets meet design briefs and accelerate your campaign.,Yes,Pencil Program,,https://insidersacademy.learn.link/content/670d37b24024c10011626c05
1/7/26,Wednesday,27,18:00,19:30,Pencil Video Generation,Pencil,Live Workshop,Pencil,Vanessa,LATAM;NA-Eastern;NA-Pacific,English,Creative,Planned,Training Session,,"Pencil’s image-to-video tool is here and you can become an expert in prompting and crafting incredible motion outputs. In this session, you’ll learn how to select the best image to generate from, prompt like a wizard and produce great videos in minutes!?",Yes,Pencil Program,,https://insidersacademy.learn.link/content/670d37b24024c10011626c05
2/7/26,Thursday,27,18:00,19:30,Pencil Building and Using Templates,Pencil,Live Workshop,Pencil,Vanessa,LATAM;NA-Eastern;NA-Pacific,Brazilian Portuguese,Creative,Planned,Training Session,,"Explore how to create and edit templates using text, images, music, animations, and brand assets. This course will help you to streamline your creative process and generate dynamic content efficiently and quickly. Get producing high-quality, multi-format creatives that perfectly match your brand.ï¿½",Yes,Pencil Program,,https://insidersacademy.learn.link/content/670d37b24024c10011626c05
3/7/26,Friday,27,8:00,9:00,AI Office Hours,Gen AI,Office Hours,Tech L&D,Enrique,APAC;EMEA,English,All Staff,Planned,Training Session,,Have you completed your Gen AI training but need some additional support? Come along to one of our weekly AI Office hours and we can help you overcome your AI challenges in Pencil or the Sandbox. ,Yes,AI Office Hours,,https://insidersacademy.learn.link/content/6942f2a7f5b36a690440ac3c
3/7/26,Friday,27,17:00,18:00,AI Office Hours,Gen AI,Office Hours,Tech L&D,Enrique,LATAM;NA-Eastern,English,All Staff,Planned,Training Session,,Have you completed your Gen AI training but need some additional support? Come along to one of our weekly AI Office hours and we can help you overcome your AI challenges in Pencil or the Sandbox. ,Yes,AI Office Hours,,https://insidersacademy.learn.link/content/6942f2a7f5b36a690440ac3c
6/7/26,Monday,28,18:00,19:30,Pencil Generating Creatives in Bulk,Pencil,Live Workshop,Pencil,Vanessa,LATAM;NA-Eastern;NA-Pacific,Brazilian Portuguese,Creative,Planned,Training Session,,"Master the art of generating great ads in bulk! We will show you how to create ads and gather key insights on their performance. Pencil’s feed variation tool will empower you to generate bulk creatives in various styles and translations, closely tailored to diverse needs and hyper localised, meaning you can save time and maximise efficiency.",Yes,Pencil Program,,https://insidersacademy.learn.link/content/670d37b24024c10011626c05
7/7/26,Tuesday,28,,,,,,,,,,,,,,,,,,
8/7/26,Wednesday,28,,,,,,,,,,,,,,,,,,
9/7/26,Thursday,28,,,,,,,,,,,,,,,,,,
10/7/26,Friday,28,,,,,,,,,,,,,,,,,,
12/7/26,Monday,29,,,,,,,,,,,,,,,,,,
13/07/2026,Monday,29,,,,,,,,,,,,,,,,,,
14/07/2026,Tuesday,29,,,,,,,,,,,,,,,,,,
15/07/2026,Wednesday,29,,,,,,,,,,,,,,,,,,
16/07/2026,Thursday,29,,,,,,,,,,,,,,,,,,
17/07/2026,Friday,29,,,,,,,,,,,,,,,,,,
20/07/2026,Monday,30,,,,,,,,,,,,,,,,,,
21/07/2026,Tuesday,30,,,,,,,,,,,,,,,,,,
22/07/2026,Wednesday,30,9:00,10:30AM,The Basics of Image Prompting,Gen AI,Live Workshop,Tech L&D,Enrique,APAC;EMEA,English,All Staff,Scheduled,Training Session,,"This course will guide you from the basics of creating simple prompts to advanced techniques for crafting detailed and specific prompts that produce high-quality images. You'll learn to use AI for various purposes, including artistic creations and professional designs.",No,,,https://insidersacademy.learn.link/content/66bcb465e6a165001115a2da
23/07/2026,Thursday,30,,,,,,,,,,,,,,,,,,
24/07/2026,Friday,30,,,,,,,,,,,,,,,,,,
27/07/2026,Monday,31,,,,,,,,,,,,,,,,,,
28/07/2026,Tuesday,31,,,,,,,,,,,,,,,,,,
29/07/2026,Wednesday,31,,,,,,,,,,,,,,,,,,
30/07/2026,Thursday,31,,,,,,,,,,,,,,,,,,
31/07/2026,Friday,31,,,,,,,,,,,,,,,,,,
3/8/26,Monday,32,,,,,,,,,,,,,,,,,,
4/8/26,Tuesday,32,,,,,,,,,,,,,,,,,,
5/8/26,Wednesday,32,,,,,,,,,,,,,,,,,,
6/8/26,Thursday,32,,,,,,,,,,,,,,,,,,
7/8/26,Friday,32,,,,,,,,,,,,,,,,,,
10/8/26,Monday,33,,,,,,,,,,,,,,,,,,
10/8/26,Thursday,33,,,,,,,,,,,,,,,,,,
11/8/26,Tuesday,33,,,,,,,,,,,,,,,,,,
12/8/26,Wednesday,33,9:00,11:30,Building Agents in Pencil,Pencil,Live Workshop,Tech L&D,Enrique,APAC;EMEA;UK,English,Creative,Scheduled,Training Session,,,No,,,https://insidersacademy.learn.link/content/6a2bd692aec2ee4b60bc5df1
12/8/26,Wednesday,33,15:00,17:30,Building Agents in Pencil,Pencil,Live Workshop,Tech L&D,Enrique,UK;LATAM;NA-Eastern,English,Creative,Scheduled,Training Session,,,No,,,https://insidersacademy.learn.link/content/6a2bd692aec2ee4b60bc5df1
12/8/26,Wednesday,33,13:00,13:30,AI Office Hours,Gen AI,Office Hours,Tech L&D,Enrique,UK;EMEA,English,All Staff,Planned,Training Session,,Have you completed your Gen AI training but need some additional support? Come along to one of our weekly AI Office hours and we can help you overcome your AI challenges in Pencil or the Sandbox. ,Yes,AI Office Hours,,https://insidersacademy.learn.link/content/6942f2a7f5b36a690440ac3c
13/08/2026,Thursday,33,8:00,9:30,Text Prompting for Beginners,Gen AI,Live Workshop,Tech L&D,Enrique,APAC;EMEA,English,All Staff,Completed,Training Session,,"This interactive course provides real time, hands-on experience in crafting effective text prompts for storytelling, copywriting, and idea generation. Join us live and take the first step towards becoming a master of text prompting!",No,,,https://insidersacademy.learn.link/content/66d9a6a89c22af00110e8677
13/08/2026,Thursday,33,14:00,15:30,Text Prompting for Beginners,Gen AI,Live Workshop,Tech L&D,Enrique,LATAM;NA-Eastern,English,All Staff,Completed,Training Session,,"This interactive course provides real time, hands-on experience in crafting effective text prompts for storytelling, copywriting, and idea generation. Join us live and take the first step towards becoming a master of text prompting!",No,,,https://insidersacademy.learn.link/content/66d9a6a89c22af00110e8677
14/08/2026,Friday,33,8:00,9:30,The Basics of Image Prompting,Gen AI,Live Workshop,Tech L&D,Enrique,APAC;EMEA,English,All Staff,Completed,Training Session,,"This course will guide you from the basics of creating simple prompts to advanced techniques for crafting detailed and specific prompts that produce high-quality images. You'll learn to use AI for various purposes, including artistic creations and professional designs.",No,,,https://insidersacademy.learn.link/content/66bcb465e6a165001115a2da
14/08/2026,Friday,33,14:00,15:30,The Basics of Image Prompting,Gen AI,Live Workshop,Tech L&D,Enrique,UK;LATAM;NA-Eastern,English,All Staff,Completed,Training Session,,"This course will guide you from the basics of creating simple prompts to advanced techniques for crafting detailed and specific prompts that produce high-quality images. You'll learn to use AI for various purposes, including artistic creations and professional designs.",No,,,https://insidersacademy.learn.link/content/66bcb465e6a165001115a2da
17/08/2026,Monday,34,,,Enrique Holiday,,,,,,,,,Holiday ,,,,,,
18/08/2026,Tuesday,34,,,Enrique Holiday,,,,,,,,,Holiday ,,,,,,
19/08/2026,Wednesday,34,,,Enrique Holiday,,,,,,,,,Holiday ,,,,,,
20/08/2026,Thursday,34,19:00,20:00,Pencil 101,Pencil,Live Workshop,Pencil,Vanessa,LATAM;NA-Eastern;NA-Pacific,English,Creative,Scheduled,Training Session,,In this Pencil 101 session we will walk you through a high level overview of Pencil and it's features and benefits.,Yes,Pencil Program,,https://insidersacademy.learn.link/content/66e414aec7edc80011c7a3ab
21/08/2026,Friday,34,19:00,20:30,Pencil Copy and Strategy,Pencil,Live Workshop,Pencil,Vanessa,LATAM;NA-Eastern;NA-Pacific,English,Creative,Scheduled,Training Session,,The key to a good marketing campaign is a clear strategy.  This course explores the essential techniques for generating strategy and content to enhance your marketing efforts. Learn how to utilise LLMs to produce copy in multiple languages and explore text analysis tools to refine your content,Yes,Pencil Program,,https://insidersacademy.learn.link/content/66eff5079c22af001117d1ab
24/08/2026,Monday,34,7:30,8:00,AI Office Hours,Gen AI,Office Hours,Tech L&D,Enrique,UK;EMEA,English,All Staff,Scheduled,Training Session,,Have you completed your Gen AI training but need some additional support? Come along to one of our weekly AI Office hours and we can help you overcome your AI challenges in Pencil or the Sandbox. ,Yes,AI Office Hours,,https://insidersacademy.learn.link/content/6942f2a7f5b36a690440ac3c
24/08/2026,Monday,35,9:00,11:30,Building Agents in Pencil,Pencil,Live Workshop,Tech L&D,Enrique,APAC;EMEA;UK,English,Creative,Scheduled,Training Session,,,No,,,https://insidersacademy.learn.link/content/6a2bd692aec2ee4b60bc5df1
24/08/2026,Monday,35,15:00,17:30,Building Agents in Pencil,Pencil,Live Workshop,Tech L&D,Enrique,UK;LATAM;NA-Eastern,English,Creative,Scheduled,Training Session,,,No,,,https://insidersacademy.learn.link/content/6a2bd692aec2ee4b60bc5df1
24/08/2026,Monday,35,19:00,20:30,Pencil Image Generation,Pencil,Live Workshop,Pencil,Vanessa,LATAM;NA-Eastern;NA-Pacific,English,Creative,Scheduled,Training Session,,Master the art of creating effective prompts for image generation! Discover how to craft detailed prompts and delve into various image generation models. Amend prompts with ease and utilise Pencilï¿½s editing tools to ensure assets meet design briefs and accelerate your campaign.,Yes,Pencil Program,,https://insidersacademy.learn.link/content/66e994b60e4d9b0011409267
25/08/2026,Tuesday,35,8:00,9:00,Pencil 101,Pencil,Live Workshop,Pencil,Enrique,APAC;EMEA,English,Creative,Scheduled,Training Session,,In this Pencil 101 session we will walk you through a high level overview of Pencil and it's features and benefits.,Yes,Pencil Program,,https://insidersacademy.learn.link/content/66e414aec7edc80011c7a3ab
25/08/2026,Tuesday,35,14:00,15:00,Pencil 101,Pencil,Live Workshop,Pencil,Enrique,LATAM;NA-Eastern;NA-Pacific,English,Creative,Scheduled,Training Session,,In this Pencil 101 session we will walk you through a high level overview of Pencil and it's features and benefits.,Yes,Pencil Program,,https://insidersacademy.learn.link/content/66e414aec7edc80011c7a3ab
25/08/2026,Tuesday,35,19:00,20:30,Pencil Video Generation,Pencil,Live Workshop,Pencil,Vanessa,LATAM;NA-Eastern;NA-Pacific,English,Creative,Scheduled,Training Session,,"Pencil’s image-to-video tool is here and you can become an expert in prompting and crafting incredible motion outputs. In this session, you’ll learn how to select the best image to generate from, prompt like a wizard and produce great videos in minutes!?",Yes,Pencil Program,,https://insidersacademy.learn.link/content/67640f2a0126e700126b9b09
26/08/2026,Wednesday,35,8:00,10:30,Pencil Copy and Strategy,Pencil,Live Workshop,Pencil,Enrique,APAC;EMEA,English,Creative,Scheduled,Training Session,,The key to a good marketing campaign is a clear strategy.  This course explores the essential techniques for generating strategy and content to enhance your marketing efforts. Learn how to utilise LLMs to produce copy in multiple languages and explore text analysis tools to refine your content,Yes,Pencil Program,,https://insidersacademy.learn.link/content/66eff5079c22af001117d1ab
26/08/2026,Wednesday,35,14:00,15:30,Pencil Copy and Strategy,Pencil,Live Workshop,Pencil,Enrique,LATAM;NA-Eastern;NA-Pacific,English,Creative,Scheduled,Training Session,,The key to a good marketing campaign is a clear strategy.  This course explores the essential techniques for generating strategy and content to enhance your marketing efforts. Learn how to utilise LLMs to produce copy in multiple languages and explore text analysis tools to refine your content,Yes,Pencil Program,,https://insidersacademy.learn.link/content/66eff5079c22af001117d1ab
26/08/2026,Wednesday,35,13:00,13:30,AI Office Hours,Gen AI,Office Hours,Tech L&D,Enrique,UK;EMEA,English,All Staff,Scheduled,Training Session,,Have you completed your Gen AI training but need some additional support? Come along to one of our weekly AI Office hours and we can help you overcome your AI challenges in Pencil or the Sandbox. ,Yes,AI Office Hours,,https://insidersacademy.learn.link/content/6942f2a7f5b36a690440ac3c
27/08/2026,Thursday,35,8:00,9:30,Pencil Video Generation,Pencil,Live Workshop,Tech L&D,Enrique,APAC;EMEA;UK,English,Creative,Scheduled,Training Session,,"Pencil’s image-to-video tool is here and you can become an expert in prompting and crafting incredible motion outputs. In this session, you’ll learn how to select the best image to generate from, prompt like a wizard and produce great videos in minutes!?",Yes,Pencil Program,,https://insidersacademy.learn.link/content/67640f2a0126e700126b9b09
27/08/2026,Thursday,35,14:00,15:30,Pencil Video Generation,Pencil,Live Workshop,Tech L&D,Enrique,LATAM;NA-Eastern;NA-Pacific,English,Creative,Scheduled,Training Session,,"Pencil’s image-to-video tool is here and you can become an expert in prompting and crafting incredible motion outputs. In this session, you’ll learn how to select the best image to generate from, prompt like a wizard and produce great videos in minutes!?",Yes,Pencil Program,,https://insidersacademy.learn.link/content/67640f2a0126e700126b9b09
27/08/2026,Thursday,35,19:00,20:30,Pencil Building and Using Templates,Pencil,Live Workshop,Pencil,Vanessa,LATAM;NA-Eastern;NA-Pacific,English,Creative,Scheduled,Training Session,,"Explore how to create and edit templates using text, images, music, animations, and brand assets. This course will help you to streamline your creative process and generate dynamic content efficiently and quickly. Get producing high-quality, multi-format creatives that perfectly match your brand.ï¿½",Yes,Pencil Program,,https://insidersacademy.learn.link/content/66eb05bdc7edc80011ca6a5c
28/08/2026,Friday,35,8:00,9:30,Pencil Video Generation,Pencil,Live Workshop,Tech L&D,Enrique,APAC;EMEA;UK,English,Creative,Scheduled,Training Session,,"Pencil’s image-to-video tool is here and you can become an expert in prompting and crafting incredible motion outputs. In this session, you’ll learn how to select the best image to generate from, prompt like a wizard and produce great videos in minutes!?",Yes,Pencil Program,,https://insidersacademy.learn.link/content/67640f2a0126e700126b9b09
28/08/2026,Friday,35,14:00,15:30,Pencil Video Generation,Pencil,Live Workshop,Tech L&D,Enrique,LATAM;NA-Eastern;NA-Pacific,English,Creative,Scheduled,Training Session,,"Pencil’s image-to-video tool is here and you can become an expert in prompting and crafting incredible motion outputs. In this session, you’ll learn how to select the best image to generate from, prompt like a wizard and produce great videos in minutes!?",Yes,Pencil Program,,https://insidersacademy.learn.link/content/67640f2a0126e700126b9b09
28/08/2026,Friday,35,18:00,18:30,AI Office Hours,Gen AI,Office Hours,Tech L&D,Enrique,LATAM;NA-Eastern,English,All Staff,Scheduled,Training Session,,Have you completed your Gen AI training but need some additional support? Come along to one of our weekly AI Office hours and we can help you overcome your AI challenges in Pencil or the Sandbox. ,Yes,AI Office Hours,,https://insidersacademy.learn.link/content/6942f2a7f5b36a690440ac3c
31/08/2026,Monday,36,7:30,8:00,AI Office Hours,Gen AI,Office Hours,Tech L&D,Enrique,UK;EMEA,English,All Staff,Scheduled,Training Session,,Have you completed your Gen AI training but need some additional support? Come along to one of our weekly AI Office hours and we can help you overcome your AI challenges in Pencil or the Sandbox. ,Yes,AI Office Hours,,https://insidersacademy.learn.link/content/6942f2a7f5b36a690440ac3c
31/08/2026,Monday,36,8:00,10:30,Building Agents in Pencil,Pencil,Live Workshop,Tech L&D,Enrique,APAC;EMEA;UK,English,Creative,Scheduled,Training Session,,,No,,,https://insidersacademy.learn.link/content/6a2bd692aec2ee4b60bc5df1
31/08/2026,Monday,36,14:00,16:30,Building Agents in Pencil,Pencil,Live Workshop,Tech L&D,Enrique,UK;LATAM;NA-Eastern,English,Creative,Scheduled,Training Session,,,No,,,https://insidersacademy.learn.link/content/6a2bd692aec2ee4b60bc5df1
31/08/2026,Monday,36,19:00,20:30,Pencil Generating Creatives in Bulk,Pencil,Live Workshop,Pencil,Vanessa,LATAM;NA-Eastern;NA-Pacific,English,Creative,Scheduled,Training Session,,"Master the art of generating great ads in bulk! We will show you how to create ads and gather key insights on their performance. Pencil’s feed variation tool will empower you to generate bulk creatives in various styles and translations, closely tailored to diverse needs and hyper localised, meaning you can save time and maximise efficiency.",Yes,Pencil Program,,https://insidersacademy.learn.link/content/66eff71d9c22af001117d1d1
1/9/26,Tuesday,36,,,,,,,,,,,,,,,,,,
2/9/26,Wednesday,36,,,,,,,,,,,,,,,,,,
3/9/26,Thursday,36,,,,,,,,,,,,,,,,,,
4/9/26,Friday,36,,,,,,,,,,,,,,,,,,
7/9/26,Monday,37,,,,,,,,,,,,,,,,,,
8/9/26,Tuesday,37,,,,,,,,,,,,,,,,,,
9/9/26,Wednesday,37,,,,,,,,,,,,,,,,,,
10/9/26,Thursday,37,,,,,,,,,,,,,,,,,,
10/9/26,Friday,41,,,,,,,,,,,,,,,,,,
11/9/26,Friday,37,,,,,,,,,,,,,,,,,,
11/9/26,Monday,46,,,,,,,,,,,,,,,,,,
12/9/26,Wednesday,50,,,,,,,,,,,,,,,,,,
14/09/2026,Monday,38,,,,,,,,,,,,,,,,,,
15/09/2026,Tuesday,38,,,,,,,,,,,,,,,,,,
16/09/2026,Wednesday,38,,,,,,,,,,,,,,,,,,
17/09/2026,Thursday,38,,,,,,,,,,,,,,,,,,
18/09/2026,Friday,38,,,,,,,,,,,,,,,,,,
21/09/2026,Monday,39,,,,,,,,,,,,,,,,,,
21/09/2026,Monday,39,,,,,,,,,,,,,,,,,,
22/09/2026,Tuesday,39,,,,,,,,,,,,,,,,,,
22/09/2026,Tuesday,39,,,,,,,,,,,,,,,,,,
23/09/2026,Wednesday,39,,,,,,,,,,,,,,,,,,
23/09/2026,Wednesday,39,,,,,,,,,,,,,,,,,,
24/09/2026,Thursday,39,,,,,,,,,,,,,,,,,,
24/09/2026,Thursday,39,,,,,,,,,,,,,,,,,,
25/09/2026,Friday,39,,,,,,,,,,,,,,,,,,
25/09/2026,Friday,39,,,,,,,,,,,,,,,,,,
28/09/2026,Monday,40,,,,,,,,,,,,,,,,,,
28/09/2026,Monday,40,,,,,,,,,,,,,,,,,,
29/09/2026,Tuesday,40,,,,,,,,,,,,,,,,,,
29/09/2026,Tuesday,40,,,,,,,,,,,,,,,,,,
30/09/2026,Wednesday,40,,,,,,,,,,,,,,,,,,
30/09/2026,Wednesday,40,,,,,,,,,,,,,,,,,,
1/10/26,Thursday,40,,,,,,,,,,,,,,,,,,
2/10/26,Friday,40,,,,,,,,,,,,,,,,,,
5/10/26,Monday,41,,,,,,,,,,,,,,,,,,
6/10/26,Tuesday,41,,,,,,,,,,,,,,,,,,
7/10/26,Wednesday,41,,,,,,,,,,,,,,,,,,
8/10/26,Thursday,41,,,,,,,,,,,,,,,,,,
9/10/26,Friday,41,,,,,,,,,,,,,,,,,,
11/10/26,Tuesday,46,,,,,,,,,,,,,,,,,,
12/10/26,Monday,42,,,,,,,,,,,,,,,,,,
12/10/26,Thursday,50,,,,,,,,,,,,,,,,,,
13/10/2026,Tuesday,42,,,,,,,,,,,,,,,,,,
13/10/2026,Tuesday,42,,,,,,,,,,,,,,,,,,
14/10/2026,Wednesday,42,,,,,,,,,,,,,,,,,,
14/10/2026,Wednesday,42,,,,,,,,,,,,,,,,,,
15/10/2026,Thursday,42,,,,,,,,,,,,,,,,,,
15/10/2026,Thursday,42,,,,,,,,,,,,,,,,,,
16/10/2026,Friday,42,,,,,,,,,,,,,,,,,,
16/10/2026,Friday,42,,,,,,,,,,,,,,,,,,
19/10/2026,Monday,43,,,,,,,,,,,,,,,,,,
19/10/2026,Monday,43,,,,,,,,,,,,,,,,,,
20/10/2026,Tuesday,43,,,,,,,,,,,,,,,,,,
20/10/2026,Tuesday,43,,,,,,,,,,,,,,,,,,
21/10/2026,Wednesday,43,,,,,,,,,,,,,,,,,,
21/10/2026,Wednesday,43,,,,,,,,,,,,,,,,,,
22/10/2026,Thursday,43,,,,,,,,,,,,,,,,,,
22/10/2026,Thursday,43,,,,,,,,,,,,,,,,,,
23/10/2026,Friday,43,,,,,,,,,,,,,,,,,,
23/10/2026,Friday,43,,,,,,,,,,,,,,,,,,
26/10/2026,Monday,44,,,,,,,,,,,,,,,,,,
26/10/2026,Monday,44,,,,,,,,,,,,,,,,,,
27/10/2026,Tuesday,44,,,,,,,,,,,,,,,,,,
27/10/2026,Tuesday,44,,,,,,,,,,,,,,,,,,
28/10/2026,Wednesday,44,,,,,,,,,,,,,,,,,,
28/10/2026,Wednesday,44,,,,,,,,,,,,,,,,,,
29/10/2026,Thursday,44,,,,,,,,,,,,,,,,,,
29/10/2026,Thursday,44,,,,,,,,,,,,,,,,,,
30/10/2026,Friday,44,,,,,,,,,,,,,,,,,,
30/10/2026,Friday,44,,,,,,,,,,,,,,,,,,
2/11/26,Monday,45,,,,,,,,,,,,,,,,,,
3/11/26,Tuesday,45,,,,,,,,,,,,,,,,,,
4/11/26,Wednesday,45,,,,,,,,,,,,,,,,,,
5/11/26,Thursday,45,,,,,,,,,,,,,,,,,,
6/11/26,Friday,45,,,,,,,,,,,,,,,,,,
9/11/26,Monday,46,,,,,,,,,,,,,,,,,,
10/11/26,Tuesday,46,,,,,,,,,,,,,,,,,,
11/11/26,Wednesday,46,,,,,,,,,,,,,,,,,,
11/11/26,Wednesday,46,,,,,,,,,,,,,,,,,,
12/11/26,Thursday,46,,,,,,,,,,,,,,,,,,
12/11/26,Friday,50,,,,,,,,,,,,,,,,,,
13/11/2026,Friday,46,,,,,,,,,,,,,,,,,,
13/11/2026,Friday,46,,,,,,,,,,,,,,,,,,
16/11/2026,Monday,47,,,,,,,,,,,,,,,,,,
16/11/2026,Monday,47,,,,,,,,,,,,,,,,,,
17/11/2026,Tuesday,47,,,,,,,,,,,,,,,,,,
17/11/2026,Tuesday,47,,,,,,,,,,,,,,,,,,
18/11/2026,Wednesday,47,,,,,,,,,,,,,,,,,,
18/11/2026,Wednesday,47,,,,,,,,,,,,,,,,,,
19/11/2026,Thursday,47,,,,,,,,,,,,,,,,,,
19/11/2026,Thursday,47,,,,,,,,,,,,,,,,,,
20/11/2026,Friday,47,,,,,,,,,,,,,,,,,,
20/11/2026,Friday,47,,,Public Holiday - Brazil,,,,,,,,,Public Holiday,Public Holiday - Brazil,,No,,,
23/11/2026,Monday,48,,,,,,,,,,,,,,,,,,
23/11/2026,Monday,48,,,,,,,,,,,,,,,,,,
24/11/2026,Tuesday,48,,,,,,,,,,,,,,,,,,
24/11/2026,Tuesday,48,,,,,,,,,,,,,,,,,,
25/11/2026,Wednesday,48,,,,,,,,,,,,,,,,,,
25/11/2026,Wednesday,48,,,,,,,,,,,,,,,,,,
26/11/2026,Thursday,48,,,,,,,,,,,,,,,,,,
26/11/2026,Thursday,48,,,,,,,,,,,,,,,,,,
27/11/2026,Friday,48,,,,,,,,,,,,,,,,,,
27/11/2026,Friday,48,,,,,,,,,,,,,,,,,,
30/11/2026,Monday,49,,,,,,,,,,,,,,,,,,
30/11/2026,Monday,49,,,,,,,,,,,,,,,,,,
1/12/26,Tuesday,49,,,,,,,,,,,,,,,,,,
2/12/26,Wednesday,49,,,,,,,,,,,,,,,,,,
3/12/26,Thursday,49,,,,,,,,,,,,,,,,,,
4/12/26,Friday,49,,,,,,,,,,,,,,,,,,
7/12/26,Monday,50,,,,,,,,,,,,,,,,,,
8/12/26,Tuesday,50,,,,,,,,,,,,,,,,,,
9/12/26,Wednesday,50,,,,,,,,,,,,,,,,,,
10/12/26,Thursday,50,,,,,,,,,,,,,,,,,,
10/12/26,Monday,42,,,Public Holiday - Brazil,,,,,,,,,Public Holiday,Public Holiday - Brazil,,No,,,
11/12/26,Friday,50,,,,,,,,,,,,,,,,,,
11/12/26,Thursday,46,,,,,,,,,,,,,,,,,,
14/12/2026,Monday,51,,,,,,,,,,,,,,,,,,
14/12/2026,Monday,51,,,,,,,,,,,,,,,,,,
15/12/2026,Tuesday,51,,,,,,,,,,,,,,,,,,
15/12/2026,Tuesday,51,,,,,,,,,,,,,,,,,,
16/12/2026,Wednesday,51,,,,,,,,,,,,,,,,,,
16/12/2026,Wednesday,51,,,,,,,,,,,,,,,,,,
17/12/2026,Thursday,51,,,,,,,,,,,,,,,,,,
17/12/2026,Thursday,51,,,,,,,,,,,,,,,,,,
18/12/2026,Friday,51,,,,,,,,,,,,,,,,,,
18/12/2026,Friday,51,,,,,,,,,,,,,,,,,,
21/12/2026,Monday,52,,,,,,,,,,,,,,,,,,
21/12/2026,Monday,52,,,,,,,,,,,,,,,,,,
22/12/2026,Tuesday,52,,,,,,,,,,,,,,,,,,
22/12/2026,Tuesday,52,,,,,,,,,,,,,,,,,,
23/12/2026,Wednesday,52,,,,,,,,,,,,,,,,,,
23/12/2026,Wednesday,52,,,,,,,,,,,,,,,,,,
24/12/2026,Thursday,52,,,,,,,,,,,,,,,,,,
24/12/2026,Thursday,52,,,Public Holiday - Brazil,,,,,,,,,Public Holiday,Public Holiday - Brazil,,No,,,
25/12/2026,Friday,52,,,,,,,,,,,,,,,,,,
25/12/2026,Friday,52,,,Christmas Day (most regions),,,,,,,,,Public Holiday,Christmas Day (most regions),,No,,,
28/12/2026,Monday,53,,,,,,,,,,,,,,,,,,
28/12/2026,Monday,53,,,Public Holiday - UK,,,,,,,,,Public Holiday,Public Holiday - UK,,No,,,
29/12/2026,Tuesday,53,,,,,,,,,,,,,,,,,,
29/12/2026,Tuesday,53,,,,,,,,,,,,,,,,,,
30/12/2026,Wednesday,53,,,,,,,,,,,,,,,,,,
30/12/2026,Wednesday,53,,,,,,,,,,,,,,,,,,
31/12/2026,Thursday,53,,,,,,,,,,,,,,,,,,
31/12/2026,Thursday,53,,,,,,,,,,,,,,,,,,